{
  "type": "FeatureCollection",
  "metadata": {
    "region": "riyadh",
    "region_name_ar": "منطقة الرياض (الوسطى)",
    "resolution_meters": 100,
    "variables": [
      "ndvi",
      "lst",
      "population"
    ],
    "point_count": 1258,
    "crs": "EPSG:4326 (WGS 84)",
    "projected_crs_properties": "EPSG:3857 (Web Mercator)",
    "license": "Creative Commons Attribution 4.0 International (CC-BY-4.0)",
    "sources": {
      "ndvi": "MODIS (NASA GIBS) - 250m Resolution",
      "lst": "Landsat 9 TIRS - 30m Resolution",
      "no2": "Sentinel-5P TROPOMI - 100m Resolution",
      "population": "Saudi census grid (Simulated) - 100m Resolution"
    }
  },
  "features": [
    {
      "type": "Feature",
      "geometry": {
        "type": "Point",
        "coordinates": [
          46.4,
          24.4
        ]
      },
      "properties": {
        "x_epsg3857": 5165224.37,
        "y_epsg3857": 2802226.16,
        "ndvi": 0.1407,
        "lst": 36.6,
        "population": 9
      }
    },
    {
      "type": "Feature",
      "geometry": {
        "type": "Point",
        "coordinates": [
          46.418176,
          24.4
        ]
      },
      "properties": {
        "x_epsg3857": 5167247.68,
        "y_epsg3857": 2802226.16,
        "ndvi": 0.1379,
        "lst": 36.6,
        "population": 11
      }
    },
    {
      "type": "Feature",
      "geometry": {
        "type": "Point",
        "coordinates": [
          46.436351,
          24.4
        ]
      },
      "properties": {
        "x_epsg3857": 5169270.98,
        "y_epsg3857": 2802226.16,
        "ndvi": 0.1431,
        "lst": 36.6,
        "population": 13
      }
    },
    {
      "type": "Feature",
      "geometry": {
        "type": "Point",
        "coordinates": [
          46.454527,
          24.4
        ]
      },
      "properties": {
        "x_epsg3857": 5171294.28,
        "y_epsg3857": 2802226.16,
        "ndvi": 0.1365,
        "lst": 36.7,
        "population": 10
      }
    },
    {
      "type": "Feature",
      "geometry": {
        "type": "Point",
        "coordinates": [
          46.472703,
          24.4
        ]
      },
      "properties": {
        "x_epsg3857": 5173317.59,
        "y_epsg3857": 2802226.16,
        "ndvi": 0.1434,
        "lst": 36.8,
        "population": 12
      }
    },
    {
      "type": "Feature",
      "geometry": {
        "type": "Point",
        "coordinates": [
          46.490878,
          24.4
        ]
      },
      "properties": {
        "x_epsg3857": 5175340.89,
        "y_epsg3857": 2802226.16,
        "ndvi": 0.1373,
        "lst": 36.9,
        "population": 16
      }
    },
    {
      "type": "Feature",
      "geometry": {
        "type": "Point",
        "coordinates": [
          46.509054,
          24.4
        ]
      },
      "properties": {
        "x_epsg3857": 5177364.2,
        "y_epsg3857": 2802226.16,
        "ndvi": 0.1416,
        "lst": 37,
        "population": 14
      }
    },
    {
      "type": "Feature",
      "geometry": {
        "type": "Point",
        "coordinates": [
          46.52723,
          24.4
        ]
      },
      "properties": {
        "x_epsg3857": 5179387.5,
        "y_epsg3857": 2802226.16,
        "ndvi": 0.1399,
        "lst": 37.1,
        "population": 17
      }
    },
    {
      "type": "Feature",
      "geometry": {
        "type": "Point",
        "coordinates": [
          46.545405,
          24.4
        ]
      },
      "properties": {
        "x_epsg3857": 5181410.8,
        "y_epsg3857": 2802226.16,
        "ndvi": 0.1387,
        "lst": 37.2,
        "population": 20
      }
    },
    {
      "type": "Feature",
      "geometry": {
        "type": "Point",
        "coordinates": [
          46.563581,
          24.4
        ]
      },
      "properties": {
        "x_epsg3857": 5183434.11,
        "y_epsg3857": 2802226.16,
        "ndvi": 0.1425,
        "lst": 37.2,
        "population": 21
      }
    },
    {
      "type": "Feature",
      "geometry": {
        "type": "Point",
        "coordinates": [
          46.581756,
          24.4
        ]
      },
      "properties": {
        "x_epsg3857": 5185457.41,
        "y_epsg3857": 2802226.16,
        "ndvi": 0.1367,
        "lst": 37.3,
        "population": 17
      }
    },
    {
      "type": "Feature",
      "geometry": {
        "type": "Point",
        "coordinates": [
          46.599932,
          24.4
        ]
      },
      "properties": {
        "x_epsg3857": 5187480.72,
        "y_epsg3857": 2802226.16,
        "ndvi": 0.1436,
        "lst": 37.3,
        "population": 23
      }
    },
    {
      "type": "Feature",
      "geometry": {
        "type": "Point",
        "coordinates": [
          46.618108,
          24.4
        ]
      },
      "properties": {
        "x_epsg3857": 5189504.02,
        "y_epsg3857": 2802226.16,
        "ndvi": 0.1368,
        "lst": 37.4,
        "population": 22
      }
    },
    {
      "type": "Feature",
      "geometry": {
        "type": "Point",
        "coordinates": [
          46.636283,
          24.4
        ]
      },
      "properties": {
        "x_epsg3857": 5191527.32,
        "y_epsg3857": 2802226.16,
        "ndvi": 0.1423,
        "lst": 37.4,
        "population": 24
      }
    },
    {
      "type": "Feature",
      "geometry": {
        "type": "Point",
        "coordinates": [
          46.654459,
          24.4
        ]
      },
      "properties": {
        "x_epsg3857": 5193550.63,
        "y_epsg3857": 2802226.16,
        "ndvi": 0.139,
        "lst": 37.5,
        "population": 22
      }
    },
    {
      "type": "Feature",
      "geometry": {
        "type": "Point",
        "coordinates": [
          46.672635,
          24.4
        ]
      },
      "properties": {
        "x_epsg3857": 5195573.93,
        "y_epsg3857": 2802226.16,
        "ndvi": 0.1395,
        "lst": 37.5,
        "population": 25
      }
    },
    {
      "type": "Feature",
      "geometry": {
        "type": "Point",
        "coordinates": [
          46.69081,
          24.4
        ]
      },
      "properties": {
        "x_epsg3857": 5197597.24,
        "y_epsg3857": 2802226.16,
        "ndvi": 0.1419,
        "lst": 37.5,
        "population": 21
      }
    },
    {
      "type": "Feature",
      "geometry": {
        "type": "Point",
        "coordinates": [
          46.708986,
          24.4
        ]
      },
      "properties": {
        "x_epsg3857": 5199620.54,
        "y_epsg3857": 2802226.16,
        "ndvi": 0.1371,
        "lst": 37.5,
        "population": 24
      }
    },
    {
      "type": "Feature",
      "geometry": {
        "type": "Point",
        "coordinates": [
          46.727162,
          24.4
        ]
      },
      "properties": {
        "x_epsg3857": 5201643.84,
        "y_epsg3857": 2802226.16,
        "ndvi": 0.1435,
        "lst": 37.5,
        "population": 24
      }
    },
    {
      "type": "Feature",
      "geometry": {
        "type": "Point",
        "coordinates": [
          46.745337,
          24.4
        ]
      },
      "properties": {
        "x_epsg3857": 5203667.15,
        "y_epsg3857": 2802226.16,
        "ndvi": 0.1365,
        "lst": 37.5,
        "population": 25
      }
    },
    {
      "type": "Feature",
      "geometry": {
        "type": "Point",
        "coordinates": [
          46.763513,
          24.4
        ]
      },
      "properties": {
        "x_epsg3857": 5205690.45,
        "y_epsg3857": 2802226.16,
        "ndvi": 0.1428,
        "lst": 37.4,
        "population": 24
      }
    },
    {
      "type": "Feature",
      "geometry": {
        "type": "Point",
        "coordinates": [
          46.781689,
          24.4
        ]
      },
      "properties": {
        "x_epsg3857": 5207713.76,
        "y_epsg3857": 2802226.16,
        "ndvi": 0.1383,
        "lst": 37.4,
        "population": 21
      }
    },
    {
      "type": "Feature",
      "geometry": {
        "type": "Point",
        "coordinates": [
          46.799864,
          24.4
        ]
      },
      "properties": {
        "x_epsg3857": 5209737.06,
        "y_epsg3857": 2802226.16,
        "ndvi": 0.1403,
        "lst": 37.3,
        "population": 20
      }
    },
    {
      "type": "Feature",
      "geometry": {
        "type": "Point",
        "coordinates": [
          46.81804,
          24.4
        ]
      },
      "properties": {
        "x_epsg3857": 5211760.36,
        "y_epsg3857": 2802226.16,
        "ndvi": 0.1411,
        "lst": 37.3,
        "population": 21
      }
    },
    {
      "type": "Feature",
      "geometry": {
        "type": "Point",
        "coordinates": [
          46.836216,
          24.4
        ]
      },
      "properties": {
        "x_epsg3857": 5213783.67,
        "y_epsg3857": 2802226.16,
        "ndvi": 0.1376,
        "lst": 37.2,
        "population": 21
      }
    },
    {
      "type": "Feature",
      "geometry": {
        "type": "Point",
        "coordinates": [
          46.854391,
          24.4
        ]
      },
      "properties": {
        "x_epsg3857": 5215806.97,
        "y_epsg3857": 2802226.16,
        "ndvi": 0.1433,
        "lst": 37.1,
        "population": 16
      }
    },
    {
      "type": "Feature",
      "geometry": {
        "type": "Point",
        "coordinates": [
          46.872567,
          24.4
        ]
      },
      "properties": {
        "x_epsg3857": 5217830.28,
        "y_epsg3857": 2802226.16,
        "ndvi": 0.1364,
        "lst": 37.1,
        "population": 17
      }
    },
    {
      "type": "Feature",
      "geometry": {
        "type": "Point",
        "coordinates": [
          46.890743,
          24.4
        ]
      },
      "properties": {
        "x_epsg3857": 5219853.58,
        "y_epsg3857": 2802226.16,
        "ndvi": 0.1433,
        "lst": 37,
        "population": 13
      }
    },
    {
      "type": "Feature",
      "geometry": {
        "type": "Point",
        "coordinates": [
          46.908918,
          24.4
        ]
      },
      "properties": {
        "x_epsg3857": 5221876.88,
        "y_epsg3857": 2802226.16,
        "ndvi": 0.1376,
        "lst": 36.9,
        "population": 14
      }
    },
    {
      "type": "Feature",
      "geometry": {
        "type": "Point",
        "coordinates": [
          46.927094,
          24.4
        ]
      },
      "properties": {
        "x_epsg3857": 5223900.19,
        "y_epsg3857": 2802226.16,
        "ndvi": 0.1411,
        "lst": 36.8,
        "population": 15
      }
    },
    {
      "type": "Feature",
      "geometry": {
        "type": "Point",
        "coordinates": [
          46.945269,
          24.4
        ]
      },
      "properties": {
        "x_epsg3857": 5225923.49,
        "y_epsg3857": 2802226.16,
        "ndvi": 0.1403,
        "lst": 36.7,
        "population": 12
      }
    },
    {
      "type": "Feature",
      "geometry": {
        "type": "Point",
        "coordinates": [
          46.963445,
          24.4
        ]
      },
      "properties": {
        "x_epsg3857": 5227946.79,
        "y_epsg3857": 2802226.16,
        "ndvi": 0.1383,
        "lst": 36.6,
        "population": 13
      }
    },
    {
      "type": "Feature",
      "geometry": {
        "type": "Point",
        "coordinates": [
          46.981621,
          24.4
        ]
      },
      "properties": {
        "x_epsg3857": 5229970.1,
        "y_epsg3857": 2802226.16,
        "ndvi": 0.1428,
        "lst": 36.6,
        "population": 8
      }
    },
    {
      "type": "Feature",
      "geometry": {
        "type": "Point",
        "coordinates": [
          46.999796,
          24.4
        ]
      },
      "properties": {
        "x_epsg3857": 5231993.4,
        "y_epsg3857": 2802226.16,
        "ndvi": 0.1365,
        "lst": 36.6,
        "population": 10
      }
    },
    {
      "type": "Feature",
      "geometry": {
        "type": "Point",
        "coordinates": [
          46.4,
          24.416513
        ]
      },
      "properties": {
        "x_epsg3857": 5165224.37,
        "y_epsg3857": 2804244.76,
        "ndvi": 0.1492,
        "lst": 36.8,
        "population": 10
      }
    },
    {
      "type": "Feature",
      "geometry": {
        "type": "Point",
        "coordinates": [
          46.418176,
          24.416513
        ]
      },
      "properties": {
        "x_epsg3857": 5167247.68,
        "y_epsg3857": 2804244.76,
        "ndvi": 0.1132,
        "lst": 37,
        "population": 9
      }
    },
    {
      "type": "Feature",
      "geometry": {
        "type": "Point",
        "coordinates": [
          46.436351,
          24.416513
        ]
      },
      "properties": {
        "x_epsg3857": 5169270.98,
        "y_epsg3857": 2804244.76,
        "ndvi": 0.1798,
        "lst": 36.7,
        "population": 12
      }
    },
    {
      "type": "Feature",
      "geometry": {
        "type": "Point",
        "coordinates": [
          46.454527,
          24.416513
        ]
      },
      "properties": {
        "x_epsg3857": 5171294.28,
        "y_epsg3857": 2804244.76,
        "ndvi": 0.0939,
        "lst": 37.3,
        "population": 12
      }
    },
    {
      "type": "Feature",
      "geometry": {
        "type": "Point",
        "coordinates": [
          46.472703,
          24.416513
        ]
      },
      "properties": {
        "x_epsg3857": 5173317.59,
        "y_epsg3857": 2804244.76,
        "ndvi": 0.1846,
        "lst": 36.9,
        "population": 14
      }
    },
    {
      "type": "Feature",
      "geometry": {
        "type": "Point",
        "coordinates": [
          46.490878,
          24.416513
        ]
      },
      "properties": {
        "x_epsg3857": 5175340.89,
        "y_epsg3857": 2804244.76,
        "ndvi": 0.1046,
        "lst": 37.5,
        "population": 17
      }
    },
    {
      "type": "Feature",
      "geometry": {
        "type": "Point",
        "coordinates": [
          46.509054,
          24.416513
        ]
      },
      "properties": {
        "x_epsg3857": 5177364.2,
        "y_epsg3857": 2804244.76,
        "ndvi": 0.1603,
        "lst": 37.2,
        "population": 19
      }
    },
    {
      "type": "Feature",
      "geometry": {
        "type": "Point",
        "coordinates": [
          46.52723,
          24.416513
        ]
      },
      "properties": {
        "x_epsg3857": 5179387.5,
        "y_epsg3857": 2804244.76,
        "ndvi": 0.1383,
        "lst": 37.4,
        "population": 18
      }
    },
    {
      "type": "Feature",
      "geometry": {
        "type": "Point",
        "coordinates": [
          46.545405,
          24.416513
        ]
      },
      "properties": {
        "x_epsg3857": 5181410.8,
        "y_epsg3857": 2804244.76,
        "ndvi": 0.1228,
        "lst": 37.6,
        "population": 21
      }
    },
    {
      "type": "Feature",
      "geometry": {
        "type": "Point",
        "coordinates": [
          46.563581,
          24.416513
        ]
      },
      "properties": {
        "x_epsg3857": 5183434.11,
        "y_epsg3857": 2804244.76,
        "ndvi": 0.1732,
        "lst": 37.4,
        "population": 18
      }
    },
    {
      "type": "Feature",
      "geometry": {
        "type": "Point",
        "coordinates": [
          46.581756,
          24.416513
        ]
      },
      "properties": {
        "x_epsg3857": 5185457.41,
        "y_epsg3857": 2804244.76,
        "ndvi": 0.0965,
        "lst": 37.9,
        "population": 24
      }
    },
    {
      "type": "Feature",
      "geometry": {
        "type": "Point",
        "coordinates": [
          46.599932,
          24.416513
        ]
      },
      "properties": {
        "x_epsg3857": 5187480.72,
        "y_epsg3857": 2804244.76,
        "ndvi": 0.1864,
        "lst": 37.4,
        "population": 23
      }
    },
    {
      "type": "Feature",
      "geometry": {
        "type": "Point",
        "coordinates": [
          46.618108,
          24.416513
        ]
      },
      "properties": {
        "x_epsg3857": 5189504.02,
        "y_epsg3857": 2804244.76,
        "ndvi": 0.0985,
        "lst": 38,
        "population": 25
      }
    },
    {
      "type": "Feature",
      "geometry": {
        "type": "Point",
        "coordinates": [
          46.636283,
          24.416513
        ]
      },
      "properties": {
        "x_epsg3857": 5191527.32,
        "y_epsg3857": 2804244.76,
        "ndvi": 0.1695,
        "lst": 37.6,
        "population": 25
      }
    },
    {
      "type": "Feature",
      "geometry": {
        "type": "Point",
        "coordinates": [
          46.654459,
          24.416513
        ]
      },
      "properties": {
        "x_epsg3857": 5193550.63,
        "y_epsg3857": 2804244.76,
        "ndvi": 0.1275,
        "lst": 37.9,
        "population": 27
      }
    },
    {
      "type": "Feature",
      "geometry": {
        "type": "Point",
        "coordinates": [
          46.672635,
          24.416513
        ]
      },
      "properties": {
        "x_epsg3857": 5195573.93,
        "y_epsg3857": 2804244.76,
        "ndvi": 0.1333,
        "lst": 37.9,
        "population": 28
      }
    },
    {
      "type": "Feature",
      "geometry": {
        "type": "Point",
        "coordinates": [
          46.69081,
          24.416513
        ]
      },
      "properties": {
        "x_epsg3857": 5197597.24,
        "y_epsg3857": 2804244.76,
        "ndvi": 0.1647,
        "lst": 37.7,
        "population": 24
      }
    },
    {
      "type": "Feature",
      "geometry": {
        "type": "Point",
        "coordinates": [
          46.708986,
          24.416513
        ]
      },
      "properties": {
        "x_epsg3857": 5199620.54,
        "y_epsg3857": 2804244.76,
        "ndvi": 0.1015,
        "lst": 38.1,
        "population": 26
      }
    },
    {
      "type": "Feature",
      "geometry": {
        "type": "Point",
        "coordinates": [
          46.727162,
          24.416513
        ]
      },
      "properties": {
        "x_epsg3857": 5201643.84,
        "y_epsg3857": 2804244.76,
        "ndvi": 0.1857,
        "lst": 37.6,
        "population": 26
      }
    },
    {
      "type": "Feature",
      "geometry": {
        "type": "Point",
        "coordinates": [
          46.745337,
          24.416513
        ]
      },
      "properties": {
        "x_epsg3857": 5203667.15,
        "y_epsg3857": 2804244.76,
        "ndvi": 0.0948,
        "lst": 38.1,
        "population": 27
      }
    },
    {
      "type": "Feature",
      "geometry": {
        "type": "Point",
        "coordinates": [
          46.763513,
          24.416513
        ]
      },
      "properties": {
        "x_epsg3857": 5205690.45,
        "y_epsg3857": 2804244.76,
        "ndvi": 0.177,
        "lst": 37.6,
        "population": 26
      }
    },
    {
      "type": "Feature",
      "geometry": {
        "type": "Point",
        "coordinates": [
          46.781689,
          24.416513
        ]
      },
      "properties": {
        "x_epsg3857": 5207713.76,
        "y_epsg3857": 2804244.76,
        "ndvi": 0.1175,
        "lst": 37.9,
        "population": 25
      }
    },
    {
      "type": "Feature",
      "geometry": {
        "type": "Point",
        "coordinates": [
          46.799864,
          24.416513
        ]
      },
      "properties": {
        "x_epsg3857": 5209737.06,
        "y_epsg3857": 2804244.76,
        "ndvi": 0.1442,
        "lst": 37.7,
        "population": 23
      }
    },
    {
      "type": "Feature",
      "geometry": {
        "type": "Point",
        "coordinates": [
          46.81804,
          24.416513
        ]
      },
      "properties": {
        "x_epsg3857": 5211760.36,
        "y_epsg3857": 2804244.76,
        "ndvi": 0.1548,
        "lst": 37.6,
        "population": 24
      }
    },
    {
      "type": "Feature",
      "geometry": {
        "type": "Point",
        "coordinates": [
          46.836216,
          24.416513
        ]
      },
      "properties": {
        "x_epsg3857": 5213783.67,
        "y_epsg3857": 2804244.76,
        "ndvi": 0.1087,
        "lst": 37.8,
        "population": 22
      }
    },
    {
      "type": "Feature",
      "geometry": {
        "type": "Point",
        "coordinates": [
          46.854391,
          24.416513
        ]
      },
      "properties": {
        "x_epsg3857": 5215806.97,
        "y_epsg3857": 2804244.76,
        "ndvi": 0.1825,
        "lst": 37.3,
        "population": 21
      }
    },
    {
      "type": "Feature",
      "geometry": {
        "type": "Point",
        "coordinates": [
          46.872567,
          24.416513
        ]
      },
      "properties": {
        "x_epsg3857": 5217830.28,
        "y_epsg3857": 2804244.76,
        "ndvi": 0.0935,
        "lst": 37.7,
        "population": 17
      }
    },
    {
      "type": "Feature",
      "geometry": {
        "type": "Point",
        "coordinates": [
          46.890743,
          24.416513
        ]
      },
      "properties": {
        "x_epsg3857": 5219853.58,
        "y_epsg3857": 2804244.76,
        "ndvi": 0.1826,
        "lst": 37.1,
        "population": 18
      }
    },
    {
      "type": "Feature",
      "geometry": {
        "type": "Point",
        "coordinates": [
          46.908918,
          24.416513
        ]
      },
      "properties": {
        "x_epsg3857": 5221876.88,
        "y_epsg3857": 2804244.76,
        "ndvi": 0.1086,
        "lst": 37.4,
        "population": 16
      }
    },
    {
      "type": "Feature",
      "geometry": {
        "type": "Point",
        "coordinates": [
          46.927094,
          24.416513
        ]
      },
      "properties": {
        "x_epsg3857": 5223900.19,
        "y_epsg3857": 2804244.76,
        "ndvi": 0.1549,
        "lst": 37.1,
        "population": 16
      }
    },
    {
      "type": "Feature",
      "geometry": {
        "type": "Point",
        "coordinates": [
          46.945269,
          24.416513
        ]
      },
      "properties": {
        "x_epsg3857": 5225923.49,
        "y_epsg3857": 2804244.76,
        "ndvi": 0.1442,
        "lst": 37,
        "population": 13
      }
    },
    {
      "type": "Feature",
      "geometry": {
        "type": "Point",
        "coordinates": [
          46.963445,
          24.416513
        ]
      },
      "properties": {
        "x_epsg3857": 5227946.79,
        "y_epsg3857": 2804244.76,
        "ndvi": 0.1175,
        "lst": 37.1,
        "population": 11
      }
    },
    {
      "type": "Feature",
      "geometry": {
        "type": "Point",
        "coordinates": [
          46.981621,
          24.416513
        ]
      },
      "properties": {
        "x_epsg3857": 5229970.1,
        "y_epsg3857": 2804244.76,
        "ndvi": 0.177,
        "lst": 36.6,
        "population": 10
      }
    },
    {
      "type": "Feature",
      "geometry": {
        "type": "Point",
        "coordinates": [
          46.999796,
          24.416513
        ]
      },
      "properties": {
        "x_epsg3857": 5231993.4,
        "y_epsg3857": 2804244.76,
        "ndvi": 0.0948,
        "lst": 37.1,
        "population": 9
      }
    },
    {
      "type": "Feature",
      "geometry": {
        "type": "Point",
        "coordinates": [
          46.4,
          24.433025
        ]
      },
      "properties": {
        "x_epsg3857": 5165224.37,
        "y_epsg3857": 2806263.63,
        "ndvi": 0.1249,
        "lst": 38.4,
        "population": 12
      }
    },
    {
      "type": "Feature",
      "geometry": {
        "type": "Point",
        "coordinates": [
          46.418176,
          24.433025
        ]
      },
      "properties": {
        "x_epsg3857": 5167247.68,
        "y_epsg3857": 2806263.63,
        "ndvi": 0.1842,
        "lst": 38.1,
        "population": 15
      }
    },
    {
      "type": "Feature",
      "geometry": {
        "type": "Point",
        "coordinates": [
          46.436351,
          24.433025
        ]
      },
      "properties": {
        "x_epsg3857": 5169270.98,
        "y_epsg3857": 2806263.63,
        "ndvi": 0.0742,
        "lst": 38.9,
        "population": 13
      }
    },
    {
      "type": "Feature",
      "geometry": {
        "type": "Point",
        "coordinates": [
          46.454527,
          24.433025
        ]
      },
      "properties": {
        "x_epsg3857": 5171294.28,
        "y_epsg3857": 2806263.63,
        "ndvi": 0.2161,
        "lst": 38.2,
        "population": 16
      }
    },
    {
      "type": "Feature",
      "geometry": {
        "type": "Point",
        "coordinates": [
          46.472703,
          24.433025
        ]
      },
      "properties": {
        "x_epsg3857": 5173317.59,
        "y_epsg3857": 2806263.63,
        "ndvi": 0.0664,
        "lst": 39.2,
        "population": 18
      }
    },
    {
      "type": "Feature",
      "geometry": {
        "type": "Point",
        "coordinates": [
          46.490878,
          24.433025
        ]
      },
      "properties": {
        "x_epsg3857": 5175340.89,
        "y_epsg3857": 2806263.63,
        "ndvi": 0.1985,
        "lst": 38.5,
        "population": 19
      }
    },
    {
      "type": "Feature",
      "geometry": {
        "type": "Point",
        "coordinates": [
          46.509054,
          24.433025
        ]
      },
      "properties": {
        "x_epsg3857": 5177364.2,
        "y_epsg3857": 2806263.63,
        "ndvi": 0.1065,
        "lst": 39.1,
        "population": 21
      }
    },
    {
      "type": "Feature",
      "geometry": {
        "type": "Point",
        "coordinates": [
          46.52723,
          24.433025
        ]
      },
      "properties": {
        "x_epsg3857": 5179387.5,
        "y_epsg3857": 2806263.63,
        "ndvi": 0.1428,
        "lst": 39,
        "population": 21
      }
    },
    {
      "type": "Feature",
      "geometry": {
        "type": "Point",
        "coordinates": [
          46.545405,
          24.433025
        ]
      },
      "properties": {
        "x_epsg3857": 5181410.8,
        "y_epsg3857": 2806263.63,
        "ndvi": 0.1684,
        "lst": 38.9,
        "population": 22
      }
    },
    {
      "type": "Feature",
      "geometry": {
        "type": "Point",
        "coordinates": [
          46.563581,
          24.433025
        ]
      },
      "properties": {
        "x_epsg3857": 5183434.11,
        "y_epsg3857": 2806263.63,
        "ndvi": 0.0853,
        "lst": 39.5,
        "population": 23
      }
    },
    {
      "type": "Feature",
      "geometry": {
        "type": "Point",
        "coordinates": [
          46.581756,
          24.433025
        ]
      },
      "properties": {
        "x_epsg3857": 5185457.41,
        "y_epsg3857": 2806263.63,
        "ndvi": 0.2118,
        "lst": 38.8,
        "population": 26
      }
    },
    {
      "type": "Feature",
      "geometry": {
        "type": "Point",
        "coordinates": [
          46.599932,
          24.433025
        ]
      },
      "properties": {
        "x_epsg3857": 5187480.72,
        "y_epsg3857": 2806263.63,
        "ndvi": 0.0634,
        "lst": 39.8,
        "population": 27
      }
    },
    {
      "type": "Feature",
      "geometry": {
        "type": "Point",
        "coordinates": [
          46.618108,
          24.433025
        ]
      },
      "properties": {
        "x_epsg3857": 5189504.02,
        "y_epsg3857": 2806263.63,
        "ndvi": 0.2085,
        "lst": 39,
        "population": 27
      }
    },
    {
      "type": "Feature",
      "geometry": {
        "type": "Point",
        "coordinates": [
          46.636283,
          24.433025
        ]
      },
      "properties": {
        "x_epsg3857": 5191527.32,
        "y_epsg3857": 2806263.63,
        "ndvi": 0.0914,
        "lst": 39.7,
        "population": 29
      }
    },
    {
      "type": "Feature",
      "geometry": {
        "type": "Point",
        "coordinates": [
          46.654459,
          24.433025
        ]
      },
      "properties": {
        "x_epsg3857": 5193550.63,
        "y_epsg3857": 2806263.63,
        "ndvi": 0.1606,
        "lst": 39.3,
        "population": 29
      }
    },
    {
      "type": "Feature",
      "geometry": {
        "type": "Point",
        "coordinates": [
          46.672635,
          24.433025
        ]
      },
      "properties": {
        "x_epsg3857": 5195573.93,
        "y_epsg3857": 2806263.63,
        "ndvi": 0.151,
        "lst": 39.4,
        "population": 29
      }
    },
    {
      "type": "Feature",
      "geometry": {
        "type": "Point",
        "coordinates": [
          46.69081,
          24.433025
        ]
      },
      "properties": {
        "x_epsg3857": 5197597.24,
        "y_epsg3857": 2806263.63,
        "ndvi": 0.0993,
        "lst": 39.7,
        "population": 29
      }
    },
    {
      "type": "Feature",
      "geometry": {
        "type": "Point",
        "coordinates": [
          46.708986,
          24.433025
        ]
      },
      "properties": {
        "x_epsg3857": 5199620.54,
        "y_epsg3857": 2806263.63,
        "ndvi": 0.2035,
        "lst": 39.1,
        "population": 30
      }
    },
    {
      "type": "Feature",
      "geometry": {
        "type": "Point",
        "coordinates": [
          46.727162,
          24.433025
        ]
      },
      "properties": {
        "x_epsg3857": 5201643.84,
        "y_epsg3857": 2806263.63,
        "ndvi": 0.0645,
        "lst": 39.9,
        "population": 31
      }
    },
    {
      "type": "Feature",
      "geometry": {
        "type": "Point",
        "coordinates": [
          46.745337,
          24.433025
        ]
      },
      "properties": {
        "x_epsg3857": 5203667.15,
        "y_epsg3857": 2806263.63,
        "ndvi": 0.2147,
        "lst": 39,
        "population": 29
      }
    },
    {
      "type": "Feature",
      "geometry": {
        "type": "Point",
        "coordinates": [
          46.763513,
          24.433025
        ]
      },
      "properties": {
        "x_epsg3857": 5205690.45,
        "y_epsg3857": 2806263.63,
        "ndvi": 0.0789,
        "lst": 39.8,
        "population": 29
      }
    },
    {
      "type": "Feature",
      "geometry": {
        "type": "Point",
        "coordinates": [
          46.781689,
          24.433025
        ]
      },
      "properties": {
        "x_epsg3857": 5207713.76,
        "y_epsg3857": 2806263.63,
        "ndvi": 0.1772,
        "lst": 39.1,
        "population": 29
      }
    },
    {
      "type": "Feature",
      "geometry": {
        "type": "Point",
        "coordinates": [
          46.799864,
          24.433025
        ]
      },
      "properties": {
        "x_epsg3857": 5209737.06,
        "y_epsg3857": 2806263.63,
        "ndvi": 0.133,
        "lst": 39.4,
        "population": 26
      }
    },
    {
      "type": "Feature",
      "geometry": {
        "type": "Point",
        "coordinates": [
          46.81804,
          24.433025
        ]
      },
      "properties": {
        "x_epsg3857": 5211760.36,
        "y_epsg3857": 2806263.63,
        "ndvi": 0.1155,
        "lst": 39.4,
        "population": 22
      }
    },
    {
      "type": "Feature",
      "geometry": {
        "type": "Point",
        "coordinates": [
          46.836216,
          24.433025
        ]
      },
      "properties": {
        "x_epsg3857": 5213783.67,
        "y_epsg3857": 2806263.63,
        "ndvi": 0.1917,
        "lst": 38.9,
        "population": 25
      }
    },
    {
      "type": "Feature",
      "geometry": {
        "type": "Point",
        "coordinates": [
          46.854391,
          24.433025
        ]
      },
      "properties": {
        "x_epsg3857": 5215806.97,
        "y_epsg3857": 2806263.63,
        "ndvi": 0.0698,
        "lst": 39.5,
        "population": 20
      }
    },
    {
      "type": "Feature",
      "geometry": {
        "type": "Point",
        "coordinates": [
          46.872567,
          24.433025
        ]
      },
      "properties": {
        "x_epsg3857": 5217830.28,
        "y_epsg3857": 2806263.63,
        "ndvi": 0.2168,
        "lst": 38.6,
        "population": 18
      }
    },
    {
      "type": "Feature",
      "geometry": {
        "type": "Point",
        "coordinates": [
          46.890743,
          24.433025
        ]
      },
      "properties": {
        "x_epsg3857": 5219853.58,
        "y_epsg3857": 2806263.63,
        "ndvi": 0.0698,
        "lst": 39.4,
        "population": 18
      }
    },
    {
      "type": "Feature",
      "geometry": {
        "type": "Point",
        "coordinates": [
          46.908918,
          24.433025
        ]
      },
      "properties": {
        "x_epsg3857": 5221876.88,
        "y_epsg3857": 2806263.63,
        "ndvi": 0.1918,
        "lst": 38.5,
        "population": 19
      }
    },
    {
      "type": "Feature",
      "geometry": {
        "type": "Point",
        "coordinates": [
          46.927094,
          24.433025
        ]
      },
      "properties": {
        "x_epsg3857": 5223900.19,
        "y_epsg3857": 2806263.63,
        "ndvi": 0.1154,
        "lst": 38.9,
        "population": 18
      }
    },
    {
      "type": "Feature",
      "geometry": {
        "type": "Point",
        "coordinates": [
          46.945269,
          24.433025
        ]
      },
      "properties": {
        "x_epsg3857": 5225923.49,
        "y_epsg3857": 2806263.63,
        "ndvi": 0.1331,
        "lst": 38.7,
        "population": 14
      }
    },
    {
      "type": "Feature",
      "geometry": {
        "type": "Point",
        "coordinates": [
          46.963445,
          24.433025
        ]
      },
      "properties": {
        "x_epsg3857": 5227946.79,
        "y_epsg3857": 2806263.63,
        "ndvi": 0.1771,
        "lst": 38.3,
        "population": 14
      }
    },
    {
      "type": "Feature",
      "geometry": {
        "type": "Point",
        "coordinates": [
          46.981621,
          24.433025
        ]
      },
      "properties": {
        "x_epsg3857": 5229970.1,
        "y_epsg3857": 2806263.63,
        "ndvi": 0.0789,
        "lst": 38.8,
        "population": 12
      }
    },
    {
      "type": "Feature",
      "geometry": {
        "type": "Point",
        "coordinates": [
          46.999796,
          24.433025
        ]
      },
      "properties": {
        "x_epsg3857": 5231993.4,
        "y_epsg3857": 2806263.63,
        "ndvi": 0.2146,
        "lst": 37.9,
        "population": 12
      }
    },
    {
      "type": "Feature",
      "geometry": {
        "type": "Point",
        "coordinates": [
          46.4,
          24.449538
        ]
      },
      "properties": {
        "x_epsg3857": 5165224.37,
        "y_epsg3857": 2808282.76,
        "ndvi": 0.1547,
        "lst": 38.8,
        "population": 12
      }
    },
    {
      "type": "Feature",
      "geometry": {
        "type": "Point",
        "coordinates": [
          46.418176,
          24.449538
        ]
      },
      "properties": {
        "x_epsg3857": 5167247.68,
        "y_epsg3857": 2808282.76,
        "ndvi": 0.0972,
        "lst": 39.3,
        "population": 14
      }
    },
    {
      "type": "Feature",
      "geometry": {
        "type": "Point",
        "coordinates": [
          46.436351,
          24.449538
        ]
      },
      "properties": {
        "x_epsg3857": 5169270.98,
        "y_epsg3857": 2808282.76,
        "ndvi": 0.2037,
        "lst": 38.7,
        "population": 16
      }
    },
    {
      "type": "Feature",
      "geometry": {
        "type": "Point",
        "coordinates": [
          46.454527,
          24.449538
        ]
      },
      "properties": {
        "x_epsg3857": 5171294.28,
        "y_epsg3857": 2808282.76,
        "ndvi": 0.0663,
        "lst": 39.7,
        "population": 17
      }
    },
    {
      "type": "Feature",
      "geometry": {
        "type": "Point",
        "coordinates": [
          46.472703,
          24.449538
        ]
      },
      "properties": {
        "x_epsg3857": 5173317.59,
        "y_epsg3857": 2808282.76,
        "ndvi": 0.2113,
        "lst": 38.9,
        "population": 15
      }
    },
    {
      "type": "Feature",
      "geometry": {
        "type": "Point",
        "coordinates": [
          46.490878,
          24.449538
        ]
      },
      "properties": {
        "x_epsg3857": 5175340.89,
        "y_epsg3857": 2808282.76,
        "ndvi": 0.0833,
        "lst": 39.8,
        "population": 18
      }
    },
    {
      "type": "Feature",
      "geometry": {
        "type": "Point",
        "coordinates": [
          46.509054,
          24.449538
        ]
      },
      "properties": {
        "x_epsg3857": 5177364.2,
        "y_epsg3857": 2808282.76,
        "ndvi": 0.1724,
        "lst": 39.3,
        "population": 22
      }
    },
    {
      "type": "Feature",
      "geometry": {
        "type": "Point",
        "coordinates": [
          46.52723,
          24.449538
        ]
      },
      "properties": {
        "x_epsg3857": 5179387.5,
        "y_epsg3857": 2808282.76,
        "ndvi": 0.1373,
        "lst": 39.7,
        "population": 22
      }
    },
    {
      "type": "Feature",
      "geometry": {
        "type": "Point",
        "coordinates": [
          46.545405,
          24.449538
        ]
      },
      "properties": {
        "x_epsg3857": 5181410.8,
        "y_epsg3857": 2808282.76,
        "ndvi": 0.1125,
        "lst": 39.9,
        "population": 24
      }
    },
    {
      "type": "Feature",
      "geometry": {
        "type": "Point",
        "coordinates": [
          46.563581,
          24.449538
        ]
      },
      "properties": {
        "x_epsg3857": 5183434.11,
        "y_epsg3857": 2808282.76,
        "ndvi": 0.193,
        "lst": 39.5,
        "population": 23
      }
    },
    {
      "type": "Feature",
      "geometry": {
        "type": "Point",
        "coordinates": [
          46.581756,
          24.449538
        ]
      },
      "properties": {
        "x_epsg3857": 5185457.41,
        "y_epsg3857": 2808282.76,
        "ndvi": 0.0705,
        "lst": 40.3,
        "population": 28
      }
    },
    {
      "type": "Feature",
      "geometry": {
        "type": "Point",
        "coordinates": [
          46.599932,
          24.449538
        ]
      },
      "properties": {
        "x_epsg3857": 5187480.72,
        "y_epsg3857": 2808282.76,
        "ndvi": 0.2142,
        "lst": 39.5,
        "population": 31
      }
    },
    {
      "type": "Feature",
      "geometry": {
        "type": "Point",
        "coordinates": [
          46.618108,
          24.449538
        ]
      },
      "properties": {
        "x_epsg3857": 5189504.02,
        "y_epsg3857": 2808282.76,
        "ndvi": 0.0737,
        "lst": 40.4,
        "population": 31
      }
    },
    {
      "type": "Feature",
      "geometry": {
        "type": "Point",
        "coordinates": [
          46.636283,
          24.449538
        ]
      },
      "properties": {
        "x_epsg3857": 5191527.32,
        "y_epsg3857": 2808282.76,
        "ndvi": 0.1871,
        "lst": 39.8,
        "population": 33
      }
    },
    {
      "type": "Feature",
      "geometry": {
        "type": "Point",
        "coordinates": [
          46.654459,
          24.449538
        ]
      },
      "properties": {
        "x_epsg3857": 5193550.63,
        "y_epsg3857": 2808282.76,
        "ndvi": 0.1201,
        "lst": 40.2,
        "population": 32
      }
    },
    {
      "type": "Feature",
      "geometry": {
        "type": "Point",
        "coordinates": [
          46.672635,
          24.449538
        ]
      },
      "properties": {
        "x_epsg3857": 5195573.93,
        "y_epsg3857": 2808282.76,
        "ndvi": 0.1293,
        "lst": 40.2,
        "population": 31
      }
    },
    {
      "type": "Feature",
      "geometry": {
        "type": "Point",
        "coordinates": [
          46.69081,
          24.449538
        ]
      },
      "properties": {
        "x_epsg3857": 5197597.24,
        "y_epsg3857": 2808282.76,
        "ndvi": 0.1794,
        "lst": 39.9,
        "population": 32
      }
    },
    {
      "type": "Feature",
      "geometry": {
        "type": "Point",
        "coordinates": [
          46.708986,
          24.449538
        ]
      },
      "properties": {
        "x_epsg3857": 5199620.54,
        "y_epsg3857": 2808282.76,
        "ndvi": 0.0785,
        "lst": 40.5,
        "population": 35
      }
    },
    {
      "type": "Feature",
      "geometry": {
        "type": "Point",
        "coordinates": [
          46.727162,
          24.449538
        ]
      },
      "properties": {
        "x_epsg3857": 5201643.84,
        "y_epsg3857": 2808282.76,
        "ndvi": 0.2131,
        "lst": 39.7,
        "population": 32
      }
    },
    {
      "type": "Feature",
      "geometry": {
        "type": "Point",
        "coordinates": [
          46.745337,
          24.449538
        ]
      },
      "properties": {
        "x_epsg3857": 5203667.15,
        "y_epsg3857": 2808282.76,
        "ndvi": 0.0677,
        "lst": 40.5,
        "population": 32
      }
    },
    {
      "type": "Feature",
      "geometry": {
        "type": "Point",
        "coordinates": [
          46.763513,
          24.449538
        ]
      },
      "properties": {
        "x_epsg3857": 5205690.45,
        "y_epsg3857": 2808282.76,
        "ndvi": 0.1992,
        "lst": 39.7,
        "population": 33
      }
    },
    {
      "type": "Feature",
      "geometry": {
        "type": "Point",
        "coordinates": [
          46.781689,
          24.449538
        ]
      },
      "properties": {
        "x_epsg3857": 5207713.76,
        "y_epsg3857": 2808282.76,
        "ndvi": 0.104,
        "lst": 40.2,
        "population": 30
      }
    },
    {
      "type": "Feature",
      "geometry": {
        "type": "Point",
        "coordinates": [
          46.799864,
          24.449538
        ]
      },
      "properties": {
        "x_epsg3857": 5209737.06,
        "y_epsg3857": 2808282.76,
        "ndvi": 0.1467,
        "lst": 39.9,
        "population": 31
      }
    },
    {
      "type": "Feature",
      "geometry": {
        "type": "Point",
        "coordinates": [
          46.81804,
          24.449538
        ]
      },
      "properties": {
        "x_epsg3857": 5211760.36,
        "y_epsg3857": 2808282.76,
        "ndvi": 0.1637,
        "lst": 39.7,
        "population": 29
      }
    },
    {
      "type": "Feature",
      "geometry": {
        "type": "Point",
        "coordinates": [
          46.836216,
          24.449538
        ]
      },
      "properties": {
        "x_epsg3857": 5213783.67,
        "y_epsg3857": 2808282.76,
        "ndvi": 0.0899,
        "lst": 40.1,
        "population": 24
      }
    },
    {
      "type": "Feature",
      "geometry": {
        "type": "Point",
        "coordinates": [
          46.854391,
          24.449538
        ]
      },
      "properties": {
        "x_epsg3857": 5215806.97,
        "y_epsg3857": 2808282.76,
        "ndvi": 0.208,
        "lst": 39.3,
        "population": 23
      }
    },
    {
      "type": "Feature",
      "geometry": {
        "type": "Point",
        "coordinates": [
          46.872567,
          24.449538
        ]
      },
      "properties": {
        "x_epsg3857": 5217830.28,
        "y_epsg3857": 2808282.76,
        "ndvi": 0.0657,
        "lst": 40.1,
        "population": 25
      }
    },
    {
      "type": "Feature",
      "geometry": {
        "type": "Point",
        "coordinates": [
          46.890743,
          24.449538
        ]
      },
      "properties": {
        "x_epsg3857": 5219853.58,
        "y_epsg3857": 2808282.76,
        "ndvi": 0.208,
        "lst": 39.1,
        "population": 22
      }
    },
    {
      "type": "Feature",
      "geometry": {
        "type": "Point",
        "coordinates": [
          46.908918,
          24.449538
        ]
      },
      "properties": {
        "x_epsg3857": 5221876.88,
        "y_epsg3857": 2808282.76,
        "ndvi": 0.0898,
        "lst": 39.7,
        "population": 21
      }
    },
    {
      "type": "Feature",
      "geometry": {
        "type": "Point",
        "coordinates": [
          46.927094,
          24.449538
        ]
      },
      "properties": {
        "x_epsg3857": 5223900.19,
        "y_epsg3857": 2808282.76,
        "ndvi": 0.1638,
        "lst": 39.2,
        "population": 20
      }
    },
    {
      "type": "Feature",
      "geometry": {
        "type": "Point",
        "coordinates": [
          46.945269,
          24.449538
        ]
      },
      "properties": {
        "x_epsg3857": 5225923.49,
        "y_epsg3857": 2808282.76,
        "ndvi": 0.1466,
        "lst": 39.2,
        "population": 18
      }
    },
    {
      "type": "Feature",
      "geometry": {
        "type": "Point",
        "coordinates": [
          46.963445,
          24.449538
        ]
      },
      "properties": {
        "x_epsg3857": 5227946.79,
        "y_epsg3857": 2808282.76,
        "ndvi": 0.1041,
        "lst": 39.3,
        "population": 14
      }
    },
    {
      "type": "Feature",
      "geometry": {
        "type": "Point",
        "coordinates": [
          46.981621,
          24.449538
        ]
      },
      "properties": {
        "x_epsg3857": 5229970.1,
        "y_epsg3857": 2808282.76,
        "ndvi": 0.1991,
        "lst": 38.6,
        "population": 13
      }
    },
    {
      "type": "Feature",
      "geometry": {
        "type": "Point",
        "coordinates": [
          46.999796,
          24.449538
        ]
      },
      "properties": {
        "x_epsg3857": 5231993.4,
        "y_epsg3857": 2808282.76,
        "ndvi": 0.0677,
        "lst": 39.3,
        "population": 12
      }
    },
    {
      "type": "Feature",
      "geometry": {
        "type": "Point",
        "coordinates": [
          46.4,
          24.466051
        ]
      },
      "properties": {
        "x_epsg3857": 5165224.37,
        "y_epsg3857": 2810302.15,
        "ndvi": 0.1321,
        "lst": 37.8,
        "population": 12
      }
    },
    {
      "type": "Feature",
      "geometry": {
        "type": "Point",
        "coordinates": [
          46.418176,
          24.466051
        ]
      },
      "properties": {
        "x_epsg3857": 5167247.68,
        "y_epsg3857": 2810302.15,
        "ndvi": 0.1632,
        "lst": 37.7,
        "population": 16
      }
    },
    {
      "type": "Feature",
      "geometry": {
        "type": "Point",
        "coordinates": [
          46.436351,
          24.466051
        ]
      },
      "properties": {
        "x_epsg3857": 5169270.98,
        "y_epsg3857": 2810302.15,
        "ndvi": 0.1055,
        "lst": 38.2,
        "population": 15
      }
    },
    {
      "type": "Feature",
      "geometry": {
        "type": "Point",
        "coordinates": [
          46.454527,
          24.466051
        ]
      },
      "properties": {
        "x_epsg3857": 5171294.28,
        "y_epsg3857": 2810302.15,
        "ndvi": 0.1799,
        "lst": 37.9,
        "population": 20
      }
    },
    {
      "type": "Feature",
      "geometry": {
        "type": "Point",
        "coordinates": [
          46.472703,
          24.466051
        ]
      },
      "properties": {
        "x_epsg3857": 5173317.59,
        "y_epsg3857": 2810302.15,
        "ndvi": 0.1014,
        "lst": 38.5,
        "population": 21
      }
    },
    {
      "type": "Feature",
      "geometry": {
        "type": "Point",
        "coordinates": [
          46.490878,
          24.466051
        ]
      },
      "properties": {
        "x_epsg3857": 5175340.89,
        "y_epsg3857": 2810302.15,
        "ndvi": 0.1707,
        "lst": 38.1,
        "population": 20
      }
    },
    {
      "type": "Feature",
      "geometry": {
        "type": "Point",
        "coordinates": [
          46.509054,
          24.466051
        ]
      },
      "properties": {
        "x_epsg3857": 5177364.2,
        "y_epsg3857": 2810302.15,
        "ndvi": 0.1224,
        "lst": 38.5,
        "population": 24
      }
    },
    {
      "type": "Feature",
      "geometry": {
        "type": "Point",
        "coordinates": [
          46.52723,
          24.466051
        ]
      },
      "properties": {
        "x_epsg3857": 5179387.5,
        "y_epsg3857": 2810302.15,
        "ndvi": 0.1415,
        "lst": 38.5,
        "population": 27
      }
    },
    {
      "type": "Feature",
      "geometry": {
        "type": "Point",
        "coordinates": [
          46.545405,
          24.466051
        ]
      },
      "properties": {
        "x_epsg3857": 5181410.8,
        "y_epsg3857": 2810302.15,
        "ndvi": 0.1549,
        "lst": 38.5,
        "population": 26
      }
    },
    {
      "type": "Feature",
      "geometry": {
        "type": "Point",
        "coordinates": [
          46.563581,
          24.466051
        ]
      },
      "properties": {
        "x_epsg3857": 5183434.11,
        "y_epsg3857": 2810302.15,
        "ndvi": 0.1113,
        "lst": 38.9,
        "population": 31
      }
    },
    {
      "type": "Feature",
      "geometry": {
        "type": "Point",
        "coordinates": [
          46.581756,
          24.466051
        ]
      },
      "properties": {
        "x_epsg3857": 5185457.41,
        "y_epsg3857": 2810302.15,
        "ndvi": 0.1777,
        "lst": 38.6,
        "population": 29
      }
    },
    {
      "type": "Feature",
      "geometry": {
        "type": "Point",
        "coordinates": [
          46.599932,
          24.466051
        ]
      },
      "properties": {
        "x_epsg3857": 5187480.72,
        "y_epsg3857": 2810302.15,
        "ndvi": 0.0998,
        "lst": 39.1,
        "population": 31
      }
    },
    {
      "type": "Feature",
      "geometry": {
        "type": "Point",
        "coordinates": [
          46.618108,
          24.466051
        ]
      },
      "properties": {
        "x_epsg3857": 5189504.02,
        "y_epsg3857": 2810302.15,
        "ndvi": 0.1759,
        "lst": 38.7,
        "population": 32
      }
    },
    {
      "type": "Feature",
      "geometry": {
        "type": "Point",
        "coordinates": [
          46.636283,
          24.466051
        ]
      },
      "properties": {
        "x_epsg3857": 5191527.32,
        "y_epsg3857": 2810302.15,
        "ndvi": 0.1145,
        "lst": 39.1,
        "population": 35
      }
    },
    {
      "type": "Feature",
      "geometry": {
        "type": "Point",
        "coordinates": [
          46.654459,
          24.466051
        ]
      },
      "properties": {
        "x_epsg3857": 5193550.63,
        "y_epsg3857": 2810302.15,
        "ndvi": 0.1508,
        "lst": 38.9,
        "population": 35
      }
    },
    {
      "type": "Feature",
      "geometry": {
        "type": "Point",
        "coordinates": [
          46.672635,
          24.466051
        ]
      },
      "properties": {
        "x_epsg3857": 5195573.93,
        "y_epsg3857": 2810302.15,
        "ndvi": 0.1458,
        "lst": 39,
        "population": 38
      }
    },
    {
      "type": "Feature",
      "geometry": {
        "type": "Point",
        "coordinates": [
          46.69081,
          24.466051
        ]
      },
      "properties": {
        "x_epsg3857": 5197597.24,
        "y_epsg3857": 2810302.15,
        "ndvi": 0.1186,
        "lst": 39.2,
        "population": 38
      }
    },
    {
      "type": "Feature",
      "geometry": {
        "type": "Point",
        "coordinates": [
          46.708986,
          24.466051
        ]
      },
      "properties": {
        "x_epsg3857": 5199620.54,
        "y_epsg3857": 2810302.15,
        "ndvi": 0.1733,
        "lst": 38.8,
        "population": 36
      }
    },
    {
      "type": "Feature",
      "geometry": {
        "type": "Point",
        "coordinates": [
          46.727162,
          24.466051
        ]
      },
      "properties": {
        "x_epsg3857": 5201643.84,
        "y_epsg3857": 2810302.15,
        "ndvi": 0.1004,
        "lst": 39.3,
        "population": 40
      }
    },
    {
      "type": "Feature",
      "geometry": {
        "type": "Point",
        "coordinates": [
          46.745337,
          24.466051
        ]
      },
      "properties": {
        "x_epsg3857": 5203667.15,
        "y_epsg3857": 2810302.15,
        "ndvi": 0.1792,
        "lst": 38.8,
        "population": 39
      }
    },
    {
      "type": "Feature",
      "geometry": {
        "type": "Point",
        "coordinates": [
          46.763513,
          24.466051
        ]
      },
      "properties": {
        "x_epsg3857": 5205690.45,
        "y_epsg3857": 2810302.15,
        "ndvi": 0.1079,
        "lst": 39.1,
        "population": 34
      }
    },
    {
      "type": "Feature",
      "geometry": {
        "type": "Point",
        "coordinates": [
          46.781689,
          24.466051
        ]
      },
      "properties": {
        "x_epsg3857": 5207713.76,
        "y_epsg3857": 2810302.15,
        "ndvi": 0.1595,
        "lst": 38.8,
        "population": 36
      }
    },
    {
      "type": "Feature",
      "geometry": {
        "type": "Point",
        "coordinates": [
          46.799864,
          24.466051
        ]
      },
      "properties": {
        "x_epsg3857": 5209737.06,
        "y_epsg3857": 2810302.15,
        "ndvi": 0.1363,
        "lst": 38.9,
        "population": 31
      }
    },
    {
      "type": "Feature",
      "geometry": {
        "type": "Point",
        "coordinates": [
          46.81804,
          24.466051
        ]
      },
      "properties": {
        "x_epsg3857": 5211760.36,
        "y_epsg3857": 2810302.15,
        "ndvi": 0.1272,
        "lst": 38.9,
        "population": 30
      }
    },
    {
      "type": "Feature",
      "geometry": {
        "type": "Point",
        "coordinates": [
          46.836216,
          24.466051
        ]
      },
      "properties": {
        "x_epsg3857": 5213783.67,
        "y_epsg3857": 2810302.15,
        "ndvi": 0.1671,
        "lst": 38.5,
        "population": 30
      }
    },
    {
      "type": "Feature",
      "geometry": {
        "type": "Point",
        "coordinates": [
          46.854391,
          24.466051
        ]
      },
      "properties": {
        "x_epsg3857": 5215806.97,
        "y_epsg3857": 2810302.15,
        "ndvi": 0.1032,
        "lst": 38.8,
        "population": 24
      }
    },
    {
      "type": "Feature",
      "geometry": {
        "type": "Point",
        "coordinates": [
          46.872567,
          24.466051
        ]
      },
      "properties": {
        "x_epsg3857": 5217830.28,
        "y_epsg3857": 2810302.15,
        "ndvi": 0.1803,
        "lst": 38.3,
        "population": 24
      }
    },
    {
      "type": "Feature",
      "geometry": {
        "type": "Point",
        "coordinates": [
          46.890743,
          24.466051
        ]
      },
      "properties": {
        "x_epsg3857": 5219853.58,
        "y_epsg3857": 2810302.15,
        "ndvi": 0.1031,
        "lst": 38.7,
        "population": 23
      }
    },
    {
      "type": "Feature",
      "geometry": {
        "type": "Point",
        "coordinates": [
          46.908918,
          24.466051
        ]
      },
      "properties": {
        "x_epsg3857": 5221876.88,
        "y_epsg3857": 2810302.15,
        "ndvi": 0.1672,
        "lst": 38.2,
        "population": 22
      }
    },
    {
      "type": "Feature",
      "geometry": {
        "type": "Point",
        "coordinates": [
          46.927094,
          24.466051
        ]
      },
      "properties": {
        "x_epsg3857": 5223900.19,
        "y_epsg3857": 2810302.15,
        "ndvi": 0.1271,
        "lst": 38.3,
        "population": 19
      }
    },
    {
      "type": "Feature",
      "geometry": {
        "type": "Point",
        "coordinates": [
          46.945269,
          24.466051
        ]
      },
      "properties": {
        "x_epsg3857": 5225923.49,
        "y_epsg3857": 2810302.15,
        "ndvi": 0.1364,
        "lst": 38.1,
        "population": 16
      }
    },
    {
      "type": "Feature",
      "geometry": {
        "type": "Point",
        "coordinates": [
          46.963445,
          24.466051
        ]
      },
      "properties": {
        "x_epsg3857": 5227946.79,
        "y_epsg3857": 2810302.15,
        "ndvi": 0.1595,
        "lst": 37.9,
        "population": 18
      }
    },
    {
      "type": "Feature",
      "geometry": {
        "type": "Point",
        "coordinates": [
          46.981621,
          24.466051
        ]
      },
      "properties": {
        "x_epsg3857": 5229970.1,
        "y_epsg3857": 2810302.15,
        "ndvi": 0.108,
        "lst": 38.1,
        "population": 15
      }
    },
    {
      "type": "Feature",
      "geometry": {
        "type": "Point",
        "coordinates": [
          46.999796,
          24.466051
        ]
      },
      "properties": {
        "x_epsg3857": 5231993.4,
        "y_epsg3857": 2810302.15,
        "ndvi": 0.1792,
        "lst": 37.5,
        "population": 12
      }
    },
    {
      "type": "Feature",
      "geometry": {
        "type": "Point",
        "coordinates": [
          46.4,
          24.482564
        ]
      },
      "properties": {
        "x_epsg3857": 5165224.37,
        "y_epsg3857": 2812321.81,
        "ndvi": 0.1378,
        "lst": 36.8,
        "population": 12
      }
    },
    {
      "type": "Feature",
      "geometry": {
        "type": "Point",
        "coordinates": [
          46.418176,
          24.482564
        ]
      },
      "properties": {
        "x_epsg3857": 5167247.68,
        "y_epsg3857": 2812321.81,
        "ndvi": 0.1463,
        "lst": 36.8,
        "population": 18
      }
    },
    {
      "type": "Feature",
      "geometry": {
        "type": "Point",
        "coordinates": [
          46.436351,
          24.482564
        ]
      },
      "properties": {
        "x_epsg3857": 5169270.98,
        "y_epsg3857": 2812321.81,
        "ndvi": 0.1306,
        "lst": 37,
        "population": 18
      }
    },
    {
      "type": "Feature",
      "geometry": {
        "type": "Point",
        "coordinates": [
          46.454527,
          24.482564
        ]
      },
      "properties": {
        "x_epsg3857": 5171294.28,
        "y_epsg3857": 2812321.81,
        "ndvi": 0.1509,
        "lst": 37,
        "population": 19
      }
    },
    {
      "type": "Feature",
      "geometry": {
        "type": "Point",
        "coordinates": [
          46.472703,
          24.482564
        ]
      },
      "properties": {
        "x_epsg3857": 5173317.59,
        "y_epsg3857": 2812321.81,
        "ndvi": 0.1295,
        "lst": 37.3,
        "population": 18
      }
    },
    {
      "type": "Feature",
      "geometry": {
        "type": "Point",
        "coordinates": [
          46.490878,
          24.482564
        ]
      },
      "properties": {
        "x_epsg3857": 5175340.89,
        "y_epsg3857": 2812321.81,
        "ndvi": 0.1483,
        "lst": 37.3,
        "population": 21
      }
    },
    {
      "type": "Feature",
      "geometry": {
        "type": "Point",
        "coordinates": [
          46.509054,
          24.482564
        ]
      },
      "properties": {
        "x_epsg3857": 5177364.2,
        "y_epsg3857": 2812321.81,
        "ndvi": 0.1352,
        "lst": 37.5,
        "population": 27
      }
    },
    {
      "type": "Feature",
      "geometry": {
        "type": "Point",
        "coordinates": [
          46.52723,
          24.482564
        ]
      },
      "properties": {
        "x_epsg3857": 5179387.5,
        "y_epsg3857": 2812321.81,
        "ndvi": 0.1404,
        "lst": 37.5,
        "population": 26
      }
    },
    {
      "type": "Feature",
      "geometry": {
        "type": "Point",
        "coordinates": [
          46.545405,
          24.482564
        ]
      },
      "properties": {
        "x_epsg3857": 5181410.8,
        "y_epsg3857": 2812321.81,
        "ndvi": 0.144,
        "lst": 37.6,
        "population": 31
      }
    },
    {
      "type": "Feature",
      "geometry": {
        "type": "Point",
        "coordinates": [
          46.563581,
          24.482564
        ]
      },
      "properties": {
        "x_epsg3857": 5183434.11,
        "y_epsg3857": 2812321.81,
        "ndvi": 0.1322,
        "lst": 37.8,
        "population": 34
      }
    },
    {
      "type": "Feature",
      "geometry": {
        "type": "Point",
        "coordinates": [
          46.581756,
          24.482564
        ]
      },
      "properties": {
        "x_epsg3857": 5185457.41,
        "y_epsg3857": 2812321.81,
        "ndvi": 0.1502,
        "lst": 37.8,
        "population": 32
      }
    },
    {
      "type": "Feature",
      "geometry": {
        "type": "Point",
        "coordinates": [
          46.599932,
          24.482564
        ]
      },
      "properties": {
        "x_epsg3857": 5187480.72,
        "y_epsg3857": 2812321.81,
        "ndvi": 0.1291,
        "lst": 37.9,
        "population": 39
      }
    },
    {
      "type": "Feature",
      "geometry": {
        "type": "Point",
        "coordinates": [
          46.618108,
          24.482564
        ]
      },
      "properties": {
        "x_epsg3857": 5189504.02,
        "y_epsg3857": 2812321.81,
        "ndvi": 0.1498,
        "lst": 37.9,
        "population": 37
      }
    },
    {
      "type": "Feature",
      "geometry": {
        "type": "Point",
        "coordinates": [
          46.636283,
          24.482564
        ]
      },
      "properties": {
        "x_epsg3857": 5191527.32,
        "y_epsg3857": 2812321.81,
        "ndvi": 0.1331,
        "lst": 38,
        "population": 41
      }
    },
    {
      "type": "Feature",
      "geometry": {
        "type": "Point",
        "coordinates": [
          46.654459,
          24.482564
        ]
      },
      "properties": {
        "x_epsg3857": 5193550.63,
        "y_epsg3857": 2812321.81,
        "ndvi": 0.1429,
        "lst": 38,
        "population": 42
      }
    },
    {
      "type": "Feature",
      "geometry": {
        "type": "Point",
        "coordinates": [
          46.672635,
          24.482564
        ]
      },
      "properties": {
        "x_epsg3857": 5195573.93,
        "y_epsg3857": 2812321.81,
        "ndvi": 0.1416,
        "lst": 38.1,
        "population": 40
      }
    },
    {
      "type": "Feature",
      "geometry": {
        "type": "Point",
        "coordinates": [
          46.69081,
          24.482564
        ]
      },
      "properties": {
        "x_epsg3857": 5197597.24,
        "y_epsg3857": 2812321.81,
        "ndvi": 0.1342,
        "lst": 38.1,
        "population": 43
      }
    },
    {
      "type": "Feature",
      "geometry": {
        "type": "Point",
        "coordinates": [
          46.708986,
          24.482564
        ]
      },
      "properties": {
        "x_epsg3857": 5199620.54,
        "y_epsg3857": 2812321.81,
        "ndvi": 0.1491,
        "lst": 38,
        "population": 46
      }
    },
    {
      "type": "Feature",
      "geometry": {
        "type": "Point",
        "coordinates": [
          46.727162,
          24.482564
        ]
      },
      "properties": {
        "x_epsg3857": 5201643.84,
        "y_epsg3857": 2812321.81,
        "ndvi": 0.1292,
        "lst": 38.1,
        "population": 44
      }
    },
    {
      "type": "Feature",
      "geometry": {
        "type": "Point",
        "coordinates": [
          46.745337,
          24.482564
        ]
      },
      "properties": {
        "x_epsg3857": 5203667.15,
        "y_epsg3857": 2812321.81,
        "ndvi": 0.1506,
        "lst": 38,
        "population": 40
      }
    },
    {
      "type": "Feature",
      "geometry": {
        "type": "Point",
        "coordinates": [
          46.763513,
          24.482564
        ]
      },
      "properties": {
        "x_epsg3857": 5205690.45,
        "y_epsg3857": 2812321.81,
        "ndvi": 0.1313,
        "lst": 38,
        "population": 40
      }
    },
    {
      "type": "Feature",
      "geometry": {
        "type": "Point",
        "coordinates": [
          46.781689,
          24.482564
        ]
      },
      "properties": {
        "x_epsg3857": 5207713.76,
        "y_epsg3857": 2812321.81,
        "ndvi": 0.1453,
        "lst": 37.9,
        "population": 39
      }
    },
    {
      "type": "Feature",
      "geometry": {
        "type": "Point",
        "coordinates": [
          46.799864,
          24.482564
        ]
      },
      "properties": {
        "x_epsg3857": 5209737.06,
        "y_epsg3857": 2812321.81,
        "ndvi": 0.139,
        "lst": 37.9,
        "population": 36
      }
    },
    {
      "type": "Feature",
      "geometry": {
        "type": "Point",
        "coordinates": [
          46.81804,
          24.482564
        ]
      },
      "properties": {
        "x_epsg3857": 5211760.36,
        "y_epsg3857": 2812321.81,
        "ndvi": 0.1365,
        "lst": 37.8,
        "population": 36
      }
    },
    {
      "type": "Feature",
      "geometry": {
        "type": "Point",
        "coordinates": [
          46.836216,
          24.482564
        ]
      },
      "properties": {
        "x_epsg3857": 5213783.67,
        "y_epsg3857": 2812321.81,
        "ndvi": 0.1474,
        "lst": 37.7,
        "population": 31
      }
    },
    {
      "type": "Feature",
      "geometry": {
        "type": "Point",
        "coordinates": [
          46.854391,
          24.482564
        ]
      },
      "properties": {
        "x_epsg3857": 5215806.97,
        "y_epsg3857": 2812321.81,
        "ndvi": 0.13,
        "lst": 37.7,
        "population": 29
      }
    },
    {
      "type": "Feature",
      "geometry": {
        "type": "Point",
        "coordinates": [
          46.872567,
          24.482564
        ]
      },
      "properties": {
        "x_epsg3857": 5217830.28,
        "y_epsg3857": 2812321.81,
        "ndvi": 0.1509,
        "lst": 37.5,
        "population": 29
      }
    },
    {
      "type": "Feature",
      "geometry": {
        "type": "Point",
        "coordinates": [
          46.890743,
          24.482564
        ]
      },
      "properties": {
        "x_epsg3857": 5219853.58,
        "y_epsg3857": 2812321.81,
        "ndvi": 0.13,
        "lst": 37.5,
        "population": 24
      }
    },
    {
      "type": "Feature",
      "geometry": {
        "type": "Point",
        "coordinates": [
          46.908918,
          24.482564
        ]
      },
      "properties": {
        "x_epsg3857": 5221876.88,
        "y_epsg3857": 2812321.81,
        "ndvi": 0.1474,
        "lst": 37.3,
        "population": 21
      }
    },
    {
      "type": "Feature",
      "geometry": {
        "type": "Point",
        "coordinates": [
          46.927094,
          24.482564
        ]
      },
      "properties": {
        "x_epsg3857": 5223900.19,
        "y_epsg3857": 2812321.81,
        "ndvi": 0.1365,
        "lst": 37.2,
        "population": 19
      }
    },
    {
      "type": "Feature",
      "geometry": {
        "type": "Point",
        "coordinates": [
          46.945269,
          24.482564
        ]
      },
      "properties": {
        "x_epsg3857": 5225923.49,
        "y_epsg3857": 2812321.81,
        "ndvi": 0.139,
        "lst": 37.1,
        "population": 20
      }
    },
    {
      "type": "Feature",
      "geometry": {
        "type": "Point",
        "coordinates": [
          46.963445,
          24.482564
        ]
      },
      "properties": {
        "x_epsg3857": 5227946.79,
        "y_epsg3857": 2812321.81,
        "ndvi": 0.1453,
        "lst": 37,
        "population": 16
      }
    },
    {
      "type": "Feature",
      "geometry": {
        "type": "Point",
        "coordinates": [
          46.981621,
          24.482564
        ]
      },
      "properties": {
        "x_epsg3857": 5229970.1,
        "y_epsg3857": 2812321.81,
        "ndvi": 0.1313,
        "lst": 36.9,
        "population": 14
      }
    },
    {
      "type": "Feature",
      "geometry": {
        "type": "Point",
        "coordinates": [
          46.999796,
          24.482564
        ]
      },
      "properties": {
        "x_epsg3857": 5231993.4,
        "y_epsg3857": 2812321.81,
        "ndvi": 0.1506,
        "lst": 36.7,
        "population": 14
      }
    },
    {
      "type": "Feature",
      "geometry": {
        "type": "Point",
        "coordinates": [
          46.4,
          24.499076
        ]
      },
      "properties": {
        "x_epsg3857": 5165224.37,
        "y_epsg3857": 2814341.74,
        "ndvi": 0.1513,
        "lst": 37.4,
        "population": 13
      }
    },
    {
      "type": "Feature",
      "geometry": {
        "type": "Point",
        "coordinates": [
          46.418176,
          24.499076
        ]
      },
      "properties": {
        "x_epsg3857": 5167247.68,
        "y_epsg3857": 2814341.74,
        "ndvi": 0.1069,
        "lst": 37.8,
        "population": 17
      }
    },
    {
      "type": "Feature",
      "geometry": {
        "type": "Point",
        "coordinates": [
          46.436351,
          24.499076
        ]
      },
      "properties": {
        "x_epsg3857": 5169270.98,
        "y_epsg3857": 2814341.74,
        "ndvi": 0.1893,
        "lst": 37.5,
        "population": 16
      }
    },
    {
      "type": "Feature",
      "geometry": {
        "type": "Point",
        "coordinates": [
          46.454527,
          24.499076
        ]
      },
      "properties": {
        "x_epsg3857": 5171294.28,
        "y_epsg3857": 2814341.74,
        "ndvi": 0.083,
        "lst": 38.2,
        "population": 19
      }
    },
    {
      "type": "Feature",
      "geometry": {
        "type": "Point",
        "coordinates": [
          46.472703,
          24.499076
        ]
      },
      "properties": {
        "x_epsg3857": 5173317.59,
        "y_epsg3857": 2814341.74,
        "ndvi": 0.1951,
        "lst": 37.7,
        "population": 21
      }
    },
    {
      "type": "Feature",
      "geometry": {
        "type": "Point",
        "coordinates": [
          46.490878,
          24.499076
        ]
      },
      "properties": {
        "x_epsg3857": 5175340.89,
        "y_epsg3857": 2814341.74,
        "ndvi": 0.0962,
        "lst": 38.4,
        "population": 24
      }
    },
    {
      "type": "Feature",
      "geometry": {
        "type": "Point",
        "coordinates": [
          46.509054,
          24.499076
        ]
      },
      "properties": {
        "x_epsg3857": 5177364.2,
        "y_epsg3857": 2814341.74,
        "ndvi": 0.1651,
        "lst": 38.1,
        "population": 26
      }
    },
    {
      "type": "Feature",
      "geometry": {
        "type": "Point",
        "coordinates": [
          46.52723,
          24.499076
        ]
      },
      "properties": {
        "x_epsg3857": 5179387.5,
        "y_epsg3857": 2814341.74,
        "ndvi": 0.1379,
        "lst": 38.4,
        "population": 29
      }
    },
    {
      "type": "Feature",
      "geometry": {
        "type": "Point",
        "coordinates": [
          46.545405,
          24.499076
        ]
      },
      "properties": {
        "x_epsg3857": 5181410.8,
        "y_epsg3857": 2814341.74,
        "ndvi": 0.1187,
        "lst": 38.6,
        "population": 34
      }
    },
    {
      "type": "Feature",
      "geometry": {
        "type": "Point",
        "coordinates": [
          46.563581,
          24.499076
        ]
      },
      "properties": {
        "x_epsg3857": 5183434.11,
        "y_epsg3857": 2814341.74,
        "ndvi": 0.181,
        "lst": 38.3,
        "population": 34
      }
    },
    {
      "type": "Feature",
      "geometry": {
        "type": "Point",
        "coordinates": [
          46.581756,
          24.499076
        ]
      },
      "properties": {
        "x_epsg3857": 5185457.41,
        "y_epsg3857": 2814341.74,
        "ndvi": 0.0862,
        "lst": 38.9,
        "population": 40
      }
    },
    {
      "type": "Feature",
      "geometry": {
        "type": "Point",
        "coordinates": [
          46.599932,
          24.499076
        ]
      },
      "properties": {
        "x_epsg3857": 5187480.72,
        "y_epsg3857": 2814341.74,
        "ndvi": 0.1974,
        "lst": 38.4,
        "population": 40
      }
    },
    {
      "type": "Feature",
      "geometry": {
        "type": "Point",
        "coordinates": [
          46.618108,
          24.499076
        ]
      },
      "properties": {
        "x_epsg3857": 5189504.02,
        "y_epsg3857": 2814341.74,
        "ndvi": 0.0887,
        "lst": 39.1,
        "population": 43
      }
    },
    {
      "type": "Feature",
      "geometry": {
        "type": "Point",
        "coordinates": [
          46.636283,
          24.499076
        ]
      },
      "properties": {
        "x_epsg3857": 5191527.32,
        "y_epsg3857": 2814341.74,
        "ndvi": 0.1764,
        "lst": 38.6,
        "population": 44
      }
    },
    {
      "type": "Feature",
      "geometry": {
        "type": "Point",
        "coordinates": [
          46.654459,
          24.499076
        ]
      },
      "properties": {
        "x_epsg3857": 5193550.63,
        "y_epsg3857": 2814341.74,
        "ndvi": 0.1246,
        "lst": 39,
        "population": 48
      }
    },
    {
      "type": "Feature",
      "geometry": {
        "type": "Point",
        "coordinates": [
          46.672635,
          24.499076
        ]
      },
      "properties": {
        "x_epsg3857": 5195573.93,
        "y_epsg3857": 2814341.74,
        "ndvi": 0.1317,
        "lst": 38.9,
        "population": 51
      }
    },
    {
      "type": "Feature",
      "geometry": {
        "type": "Point",
        "coordinates": [
          46.69081,
          24.499076
        ]
      },
      "properties": {
        "x_epsg3857": 5197597.24,
        "y_epsg3857": 2814341.74,
        "ndvi": 0.1705,
        "lst": 38.7,
        "population": 52
      }
    },
    {
      "type": "Feature",
      "geometry": {
        "type": "Point",
        "coordinates": [
          46.708986,
          24.499076
        ]
      },
      "properties": {
        "x_epsg3857": 5199620.54,
        "y_epsg3857": 2814341.74,
        "ndvi": 0.0924,
        "lst": 39.2,
        "population": 50
      }
    },
    {
      "type": "Feature",
      "geometry": {
        "type": "Point",
        "coordinates": [
          46.727162,
          24.499076
        ]
      },
      "properties": {
        "x_epsg3857": 5201643.84,
        "y_epsg3857": 2814341.74,
        "ndvi": 0.1966,
        "lst": 38.5,
        "population": 49
      }
    },
    {
      "type": "Feature",
      "geometry": {
        "type": "Point",
        "coordinates": [
          46.745337,
          24.499076
        ]
      },
      "properties": {
        "x_epsg3857": 5203667.15,
        "y_epsg3857": 2814341.74,
        "ndvi": 0.0841,
        "lst": 39.2,
        "population": 49
      }
    },
    {
      "type": "Feature",
      "geometry": {
        "type": "Point",
        "coordinates": [
          46.763513,
          24.499076
        ]
      },
      "properties": {
        "x_epsg3857": 5205690.45,
        "y_epsg3857": 2814341.74,
        "ndvi": 0.1858,
        "lst": 38.5,
        "population": 46
      }
    },
    {
      "type": "Feature",
      "geometry": {
        "type": "Point",
        "coordinates": [
          46.781689,
          24.499076
        ]
      },
      "properties": {
        "x_epsg3857": 5207713.76,
        "y_epsg3857": 2814341.74,
        "ndvi": 0.1121,
        "lst": 38.9,
        "population": 42
      }
    },
    {
      "type": "Feature",
      "geometry": {
        "type": "Point",
        "coordinates": [
          46.799864,
          24.499076
        ]
      },
      "properties": {
        "x_epsg3857": 5209737.06,
        "y_epsg3857": 2814341.74,
        "ndvi": 0.1452,
        "lst": 38.7,
        "population": 39
      }
    },
    {
      "type": "Feature",
      "geometry": {
        "type": "Point",
        "coordinates": [
          46.81804,
          24.499076
        ]
      },
      "properties": {
        "x_epsg3857": 5211760.36,
        "y_epsg3857": 2814341.74,
        "ndvi": 0.1583,
        "lst": 38.5,
        "population": 40
      }
    },
    {
      "type": "Feature",
      "geometry": {
        "type": "Point",
        "coordinates": [
          46.836216,
          24.499076
        ]
      },
      "properties": {
        "x_epsg3857": 5213783.67,
        "y_epsg3857": 2814341.74,
        "ndvi": 0.1012,
        "lst": 38.8,
        "population": 36
      }
    },
    {
      "type": "Feature",
      "geometry": {
        "type": "Point",
        "coordinates": [
          46.854391,
          24.499076
        ]
      },
      "properties": {
        "x_epsg3857": 5215806.97,
        "y_epsg3857": 2814341.74,
        "ndvi": 0.1926,
        "lst": 38.1,
        "population": 33
      }
    },
    {
      "type": "Feature",
      "geometry": {
        "type": "Point",
        "coordinates": [
          46.872567,
          24.499076
        ]
      },
      "properties": {
        "x_epsg3857": 5217830.28,
        "y_epsg3857": 2814341.74,
        "ndvi": 0.0825,
        "lst": 38.7,
        "population": 32
      }
    },
    {
      "type": "Feature",
      "geometry": {
        "type": "Point",
        "coordinates": [
          46.890743,
          24.499076
        ]
      },
      "properties": {
        "x_epsg3857": 5219853.58,
        "y_epsg3857": 2814341.74,
        "ndvi": 0.1926,
        "lst": 37.9,
        "population": 29
      }
    },
    {
      "type": "Feature",
      "geometry": {
        "type": "Point",
        "coordinates": [
          46.908918,
          24.499076
        ]
      },
      "properties": {
        "x_epsg3857": 5221876.88,
        "y_epsg3857": 2814341.74,
        "ndvi": 0.1012,
        "lst": 38.4,
        "population": 27
      }
    },
    {
      "type": "Feature",
      "geometry": {
        "type": "Point",
        "coordinates": [
          46.927094,
          24.499076
        ]
      },
      "properties": {
        "x_epsg3857": 5223900.19,
        "y_epsg3857": 2814341.74,
        "ndvi": 0.1584,
        "lst": 37.9,
        "population": 23
      }
    },
    {
      "type": "Feature",
      "geometry": {
        "type": "Point",
        "coordinates": [
          46.945269,
          24.499076
        ]
      },
      "properties": {
        "x_epsg3857": 5225923.49,
        "y_epsg3857": 2814341.74,
        "ndvi": 0.1451,
        "lst": 37.9,
        "population": 21
      }
    },
    {
      "type": "Feature",
      "geometry": {
        "type": "Point",
        "coordinates": [
          46.963445,
          24.499076
        ]
      },
      "properties": {
        "x_epsg3857": 5227946.79,
        "y_epsg3857": 2814341.74,
        "ndvi": 0.1122,
        "lst": 37.9,
        "population": 19
      }
    },
    {
      "type": "Feature",
      "geometry": {
        "type": "Point",
        "coordinates": [
          46.981621,
          24.499076
        ]
      },
      "properties": {
        "x_epsg3857": 5229970.1,
        "y_epsg3857": 2814341.74,
        "ndvi": 0.1857,
        "lst": 37.4,
        "population": 17
      }
    },
    {
      "type": "Feature",
      "geometry": {
        "type": "Point",
        "coordinates": [
          46.999796,
          24.499076
        ]
      },
      "properties": {
        "x_epsg3857": 5231993.4,
        "y_epsg3857": 2814341.74,
        "ndvi": 0.0841,
        "lst": 37.8,
        "population": 15
      }
    },
    {
      "type": "Feature",
      "geometry": {
        "type": "Point",
        "coordinates": [
          46.4,
          24.515589
        ]
      },
      "properties": {
        "x_epsg3857": 5165224.37,
        "y_epsg3857": 2816361.93,
        "ndvi": 0.1243,
        "lst": 39.1,
        "population": 15
      }
    },
    {
      "type": "Feature",
      "geometry": {
        "type": "Point",
        "coordinates": [
          46.418176,
          24.515589
        ]
      },
      "properties": {
        "x_epsg3857": 5167247.68,
        "y_epsg3857": 2816361.93,
        "ndvi": 0.1858,
        "lst": 38.9,
        "population": 16
      }
    },
    {
      "type": "Feature",
      "geometry": {
        "type": "Point",
        "coordinates": [
          46.436351,
          24.515589
        ]
      },
      "properties": {
        "x_epsg3857": 5169270.98,
        "y_epsg3857": 2816361.93,
        "ndvi": 0.0718,
        "lst": 39.7,
        "population": 18
      }
    },
    {
      "type": "Feature",
      "geometry": {
        "type": "Point",
        "coordinates": [
          46.454527,
          24.515589
        ]
      },
      "properties": {
        "x_epsg3857": 5171294.28,
        "y_epsg3857": 2816361.93,
        "ndvi": 0.2189,
        "lst": 38.9,
        "population": 20
      }
    },
    {
      "type": "Feature",
      "geometry": {
        "type": "Point",
        "coordinates": [
          46.472703,
          24.515589
        ]
      },
      "properties": {
        "x_epsg3857": 5173317.59,
        "y_epsg3857": 2816361.93,
        "ndvi": 0.0637,
        "lst": 40,
        "population": 24
      }
    },
    {
      "type": "Feature",
      "geometry": {
        "type": "Point",
        "coordinates": [
          46.490878,
          24.515589
        ]
      },
      "properties": {
        "x_epsg3857": 5175340.89,
        "y_epsg3857": 2816361.93,
        "ndvi": 0.2007,
        "lst": 39.3,
        "population": 28
      }
    },
    {
      "type": "Feature",
      "geometry": {
        "type": "Point",
        "coordinates": [
          46.509054,
          24.515589
        ]
      },
      "properties": {
        "x_epsg3857": 5177364.2,
        "y_epsg3857": 2816361.93,
        "ndvi": 0.1053,
        "lst": 40,
        "population": 31
      }
    },
    {
      "type": "Feature",
      "geometry": {
        "type": "Point",
        "coordinates": [
          46.52723,
          24.515589
        ]
      },
      "properties": {
        "x_epsg3857": 5179387.5,
        "y_epsg3857": 2816361.93,
        "ndvi": 0.1429,
        "lst": 39.9,
        "population": 35
      }
    },
    {
      "type": "Feature",
      "geometry": {
        "type": "Point",
        "coordinates": [
          46.545405,
          24.515589
        ]
      },
      "properties": {
        "x_epsg3857": 5181410.8,
        "y_epsg3857": 2816361.93,
        "ndvi": 0.1694,
        "lst": 39.8,
        "population": 37
      }
    },
    {
      "type": "Feature",
      "geometry": {
        "type": "Point",
        "coordinates": [
          46.563581,
          24.515589
        ]
      },
      "properties": {
        "x_epsg3857": 5183434.11,
        "y_epsg3857": 2816361.93,
        "ndvi": 0.0832,
        "lst": 40.4,
        "population": 40
      }
    },
    {
      "type": "Feature",
      "geometry": {
        "type": "Point",
        "coordinates": [
          46.581756,
          24.515589
        ]
      },
      "properties": {
        "x_epsg3857": 5185457.41,
        "y_epsg3857": 2816361.93,
        "ndvi": 0.2144,
        "lst": 39.7,
        "population": 41
      }
    },
    {
      "type": "Feature",
      "geometry": {
        "type": "Point",
        "coordinates": [
          46.599932,
          24.515589
        ]
      },
      "properties": {
        "x_epsg3857": 5187480.72,
        "y_epsg3857": 2816361.93,
        "ndvi": 0.0605,
        "lst": 40.7,
        "population": 46
      }
    },
    {
      "type": "Feature",
      "geometry": {
        "type": "Point",
        "coordinates": [
          46.618108,
          24.515589
        ]
      },
      "properties": {
        "x_epsg3857": 5189504.02,
        "y_epsg3857": 2816361.93,
        "ndvi": 0.211,
        "lst": 39.9,
        "population": 48
      }
    },
    {
      "type": "Feature",
      "geometry": {
        "type": "Point",
        "coordinates": [
          46.636283,
          24.515589
        ]
      },
      "properties": {
        "x_epsg3857": 5191527.32,
        "y_epsg3857": 2816361.93,
        "ndvi": 0.0896,
        "lst": 40.7,
        "population": 53
      }
    },
    {
      "type": "Feature",
      "geometry": {
        "type": "Point",
        "coordinates": [
          46.654459,
          24.515589
        ]
      },
      "properties": {
        "x_epsg3857": 5193550.63,
        "y_epsg3857": 2816361.93,
        "ndvi": 0.1613,
        "lst": 40.3,
        "population": 52
      }
    },
    {
      "type": "Feature",
      "geometry": {
        "type": "Point",
        "coordinates": [
          46.672635,
          24.515589
        ]
      },
      "properties": {
        "x_epsg3857": 5195573.93,
        "y_epsg3857": 2816361.93,
        "ndvi": 0.1514,
        "lst": 40.4,
        "population": 58
      }
    },
    {
      "type": "Feature",
      "geometry": {
        "type": "Point",
        "coordinates": [
          46.69081,
          24.515589
        ]
      },
      "properties": {
        "x_epsg3857": 5197597.24,
        "y_epsg3857": 2816361.93,
        "ndvi": 0.0978,
        "lst": 40.7,
        "population": 54
      }
    },
    {
      "type": "Feature",
      "geometry": {
        "type": "Point",
        "coordinates": [
          46.708986,
          24.515589
        ]
      },
      "properties": {
        "x_epsg3857": 5199620.54,
        "y_epsg3857": 2816361.93,
        "ndvi": 0.2058,
        "lst": 40.1,
        "population": 54
      }
    },
    {
      "type": "Feature",
      "geometry": {
        "type": "Point",
        "coordinates": [
          46.727162,
          24.515589
        ]
      },
      "properties": {
        "x_epsg3857": 5201643.84,
        "y_epsg3857": 2816361.93,
        "ndvi": 0.0617,
        "lst": 40.9,
        "population": 56
      }
    },
    {
      "type": "Feature",
      "geometry": {
        "type": "Point",
        "coordinates": [
          46.745337,
          24.515589
        ]
      },
      "properties": {
        "x_epsg3857": 5203667.15,
        "y_epsg3857": 2816361.93,
        "ndvi": 0.2174,
        "lst": 40,
        "population": 53
      }
    },
    {
      "type": "Feature",
      "geometry": {
        "type": "Point",
        "coordinates": [
          46.763513,
          24.515589
        ]
      },
      "properties": {
        "x_epsg3857": 5205690.45,
        "y_epsg3857": 2816361.93,
        "ndvi": 0.0766,
        "lst": 40.8,
        "population": 54
      }
    },
    {
      "type": "Feature",
      "geometry": {
        "type": "Point",
        "coordinates": [
          46.781689,
          24.515589
        ]
      },
      "properties": {
        "x_epsg3857": 5207713.76,
        "y_epsg3857": 2816361.93,
        "ndvi": 0.1786,
        "lst": 40.1,
        "population": 48
      }
    },
    {
      "type": "Feature",
      "geometry": {
        "type": "Point",
        "coordinates": [
          46.799864,
          24.515589
        ]
      },
      "properties": {
        "x_epsg3857": 5209737.06,
        "y_epsg3857": 2816361.93,
        "ndvi": 0.1328,
        "lst": 40.3,
        "population": 49
      }
    },
    {
      "type": "Feature",
      "geometry": {
        "type": "Point",
        "coordinates": [
          46.81804,
          24.515589
        ]
      },
      "properties": {
        "x_epsg3857": 5211760.36,
        "y_epsg3857": 2816361.93,
        "ndvi": 0.1146,
        "lst": 40.3,
        "population": 42
      }
    },
    {
      "type": "Feature",
      "geometry": {
        "type": "Point",
        "coordinates": [
          46.836216,
          24.515589
        ]
      },
      "properties": {
        "x_epsg3857": 5213783.67,
        "y_epsg3857": 2816361.93,
        "ndvi": 0.1936,
        "lst": 39.8,
        "population": 38
      }
    },
    {
      "type": "Feature",
      "geometry": {
        "type": "Point",
        "coordinates": [
          46.854391,
          24.515589
        ]
      },
      "properties": {
        "x_epsg3857": 5215806.97,
        "y_epsg3857": 2816361.93,
        "ndvi": 0.0672,
        "lst": 40.4,
        "population": 38
      }
    },
    {
      "type": "Feature",
      "geometry": {
        "type": "Point",
        "coordinates": [
          46.872567,
          24.515589
        ]
      },
      "properties": {
        "x_epsg3857": 5217830.28,
        "y_epsg3857": 2816361.93,
        "ndvi": 0.2196,
        "lst": 39.4,
        "population": 35
      }
    },
    {
      "type": "Feature",
      "geometry": {
        "type": "Point",
        "coordinates": [
          46.890743,
          24.515589
        ]
      },
      "properties": {
        "x_epsg3857": 5219853.58,
        "y_epsg3857": 2816361.93,
        "ndvi": 0.0672,
        "lst": 40.2,
        "population": 30
      }
    },
    {
      "type": "Feature",
      "geometry": {
        "type": "Point",
        "coordinates": [
          46.908918,
          24.515589
        ]
      },
      "properties": {
        "x_epsg3857": 5221876.88,
        "y_epsg3857": 2816361.93,
        "ndvi": 0.1937,
        "lst": 39.3,
        "population": 26
      }
    },
    {
      "type": "Feature",
      "geometry": {
        "type": "Point",
        "coordinates": [
          46.927094,
          24.515589
        ]
      },
      "properties": {
        "x_epsg3857": 5223900.19,
        "y_epsg3857": 2816361.93,
        "ndvi": 0.1145,
        "lst": 39.7,
        "population": 25
      }
    },
    {
      "type": "Feature",
      "geometry": {
        "type": "Point",
        "coordinates": [
          46.945269,
          24.515589
        ]
      },
      "properties": {
        "x_epsg3857": 5225923.49,
        "y_epsg3857": 2816361.93,
        "ndvi": 0.1329,
        "lst": 39.5,
        "population": 24
      }
    },
    {
      "type": "Feature",
      "geometry": {
        "type": "Point",
        "coordinates": [
          46.963445,
          24.515589
        ]
      },
      "properties": {
        "x_epsg3857": 5227946.79,
        "y_epsg3857": 2816361.93,
        "ndvi": 0.1785,
        "lst": 39.1,
        "population": 20
      }
    },
    {
      "type": "Feature",
      "geometry": {
        "type": "Point",
        "coordinates": [
          46.981621,
          24.515589
        ]
      },
      "properties": {
        "x_epsg3857": 5229970.1,
        "y_epsg3857": 2816361.93,
        "ndvi": 0.0767,
        "lst": 39.5,
        "population": 17
      }
    },
    {
      "type": "Feature",
      "geometry": {
        "type": "Point",
        "coordinates": [
          46.999796,
          24.515589
        ]
      },
      "properties": {
        "x_epsg3857": 5231993.4,
        "y_epsg3857": 2816361.93,
        "ndvi": 0.2174,
        "lst": 38.6,
        "population": 15
      }
    },
    {
      "type": "Feature",
      "geometry": {
        "type": "Point",
        "coordinates": [
          46.4,
          24.532102
        ]
      },
      "properties": {
        "x_epsg3857": 5165224.37,
        "y_epsg3857": 2818382.39,
        "ndvi": 0.1534,
        "lst": 39,
        "population": 15
      }
    },
    {
      "type": "Feature",
      "geometry": {
        "type": "Point",
        "coordinates": [
          46.418176,
          24.532102
        ]
      },
      "properties": {
        "x_epsg3857": 5167247.68,
        "y_epsg3857": 2818382.39,
        "ndvi": 0.101,
        "lst": 39.5,
        "population": 20
      }
    },
    {
      "type": "Feature",
      "geometry": {
        "type": "Point",
        "coordinates": [
          46.436351,
          24.532102
        ]
      },
      "properties": {
        "x_epsg3857": 5169270.98,
        "y_epsg3857": 2818382.39,
        "ndvi": 0.1981,
        "lst": 39,
        "population": 20
      }
    },
    {
      "type": "Feature",
      "geometry": {
        "type": "Point",
        "coordinates": [
          46.454527,
          24.532102
        ]
      },
      "properties": {
        "x_epsg3857": 5171294.28,
        "y_epsg3857": 2818382.39,
        "ndvi": 0.0728,
        "lst": 39.9,
        "population": 25
      }
    },
    {
      "type": "Feature",
      "geometry": {
        "type": "Point",
        "coordinates": [
          46.472703,
          24.532102
        ]
      },
      "properties": {
        "x_epsg3857": 5173317.59,
        "y_epsg3857": 2818382.39,
        "ndvi": 0.205,
        "lst": 39.3,
        "population": 28
      }
    },
    {
      "type": "Feature",
      "geometry": {
        "type": "Point",
        "coordinates": [
          46.490878,
          24.532102
        ]
      },
      "properties": {
        "x_epsg3857": 5175340.89,
        "y_epsg3857": 2818382.39,
        "ndvi": 0.0883,
        "lst": 40.1,
        "population": 29
      }
    },
    {
      "type": "Feature",
      "geometry": {
        "type": "Point",
        "coordinates": [
          46.509054,
          24.532102
        ]
      },
      "properties": {
        "x_epsg3857": 5177364.2,
        "y_epsg3857": 2818382.39,
        "ndvi": 0.1696,
        "lst": 39.7,
        "population": 32
      }
    },
    {
      "type": "Feature",
      "geometry": {
        "type": "Point",
        "coordinates": [
          46.52723,
          24.532102
        ]
      },
      "properties": {
        "x_epsg3857": 5179387.5,
        "y_epsg3857": 2818382.39,
        "ndvi": 0.1375,
        "lst": 40,
        "population": 35
      }
    },
    {
      "type": "Feature",
      "geometry": {
        "type": "Point",
        "coordinates": [
          46.545405,
          24.532102
        ]
      },
      "properties": {
        "x_epsg3857": 5181410.8,
        "y_epsg3857": 2818382.39,
        "ndvi": 0.1149,
        "lst": 40.3,
        "population": 41
      }
    },
    {
      "type": "Feature",
      "geometry": {
        "type": "Point",
        "coordinates": [
          46.563581,
          24.532102
        ]
      },
      "properties": {
        "x_epsg3857": 5183434.11,
        "y_epsg3857": 2818382.39,
        "ndvi": 0.1883,
        "lst": 39.9,
        "population": 42
      }
    },
    {
      "type": "Feature",
      "geometry": {
        "type": "Point",
        "coordinates": [
          46.581756,
          24.532102
        ]
      },
      "properties": {
        "x_epsg3857": 5185457.41,
        "y_epsg3857": 2818382.39,
        "ndvi": 0.0766,
        "lst": 40.7,
        "population": 48
      }
    },
    {
      "type": "Feature",
      "geometry": {
        "type": "Point",
        "coordinates": [
          46.599932,
          24.532102
        ]
      },
      "properties": {
        "x_epsg3857": 5187480.72,
        "y_epsg3857": 2818382.39,
        "ndvi": 0.2077,
        "lst": 40,
        "population": 51
      }
    },
    {
      "type": "Feature",
      "geometry": {
        "type": "Point",
        "coordinates": [
          46.618108,
          24.532102
        ]
      },
      "properties": {
        "x_epsg3857": 5189504.02,
        "y_epsg3857": 2818382.39,
        "ndvi": 0.0796,
        "lst": 40.8,
        "population": 55
      }
    },
    {
      "type": "Feature",
      "geometry": {
        "type": "Point",
        "coordinates": [
          46.636283,
          24.532102
        ]
      },
      "properties": {
        "x_epsg3857": 5191527.32,
        "y_epsg3857": 2818382.39,
        "ndvi": 0.1829,
        "lst": 40.3,
        "population": 61
      }
    },
    {
      "type": "Feature",
      "geometry": {
        "type": "Point",
        "coordinates": [
          46.654459,
          24.532102
        ]
      },
      "properties": {
        "x_epsg3857": 5193550.63,
        "y_epsg3857": 2818382.39,
        "ndvi": 0.1218,
        "lst": 40.7,
        "population": 60
      }
    },
    {
      "type": "Feature",
      "geometry": {
        "type": "Point",
        "coordinates": [
          46.672635,
          24.532102
        ]
      },
      "properties": {
        "x_epsg3857": 5195573.93,
        "y_epsg3857": 2818382.39,
        "ndvi": 0.1303,
        "lst": 40.7,
        "population": 63
      }
    },
    {
      "type": "Feature",
      "geometry": {
        "type": "Point",
        "coordinates": [
          46.69081,
          24.532102
        ]
      },
      "properties": {
        "x_epsg3857": 5197597.24,
        "y_epsg3857": 2818382.39,
        "ndvi": 0.1759,
        "lst": 40.4,
        "population": 66
      }
    },
    {
      "type": "Feature",
      "geometry": {
        "type": "Point",
        "coordinates": [
          46.708986,
          24.532102
        ]
      },
      "properties": {
        "x_epsg3857": 5199620.54,
        "y_epsg3857": 2818382.39,
        "ndvi": 0.0839,
        "lst": 41,
        "population": 62
      }
    },
    {
      "type": "Feature",
      "geometry": {
        "type": "Point",
        "coordinates": [
          46.727162,
          24.532102
        ]
      },
      "properties": {
        "x_epsg3857": 5201643.84,
        "y_epsg3857": 2818382.39,
        "ndvi": 0.2067,
        "lst": 40.2,
        "population": 61
      }
    },
    {
      "type": "Feature",
      "geometry": {
        "type": "Point",
        "coordinates": [
          46.745337,
          24.532102
        ]
      },
      "properties": {
        "x_epsg3857": 5203667.15,
        "y_epsg3857": 2818382.39,
        "ndvi": 0.0741,
        "lst": 41,
        "population": 63
      }
    },
    {
      "type": "Feature",
      "geometry": {
        "type": "Point",
        "coordinates": [
          46.763513,
          24.532102
        ]
      },
      "properties": {
        "x_epsg3857": 5205690.45,
        "y_epsg3857": 2818382.39,
        "ndvi": 0.194,
        "lst": 40.2,
        "population": 61
      }
    },
    {
      "type": "Feature",
      "geometry": {
        "type": "Point",
        "coordinates": [
          46.781689,
          24.532102
        ]
      },
      "properties": {
        "x_epsg3857": 5207713.76,
        "y_epsg3857": 2818382.39,
        "ndvi": 0.1072,
        "lst": 40.7,
        "population": 54
      }
    },
    {
      "type": "Feature",
      "geometry": {
        "type": "Point",
        "coordinates": [
          46.799864,
          24.532102
        ]
      },
      "properties": {
        "x_epsg3857": 5209737.06,
        "y_epsg3857": 2818382.39,
        "ndvi": 0.1461,
        "lst": 40.4,
        "population": 50
      }
    },
    {
      "type": "Feature",
      "geometry": {
        "type": "Point",
        "coordinates": [
          46.81804,
          24.532102
        ]
      },
      "properties": {
        "x_epsg3857": 5211760.36,
        "y_epsg3857": 2818382.39,
        "ndvi": 0.1616,
        "lst": 40.2,
        "population": 50
      }
    },
    {
      "type": "Feature",
      "geometry": {
        "type": "Point",
        "coordinates": [
          46.836216,
          24.532102
        ]
      },
      "properties": {
        "x_epsg3857": 5213783.67,
        "y_epsg3857": 2818382.39,
        "ndvi": 0.0943,
        "lst": 40.5,
        "population": 46
      }
    },
    {
      "type": "Feature",
      "geometry": {
        "type": "Point",
        "coordinates": [
          46.854391,
          24.532102
        ]
      },
      "properties": {
        "x_epsg3857": 5215806.97,
        "y_epsg3857": 2818382.39,
        "ndvi": 0.202,
        "lst": 39.8,
        "population": 42
      }
    },
    {
      "type": "Feature",
      "geometry": {
        "type": "Point",
        "coordinates": [
          46.872567,
          24.532102
        ]
      },
      "properties": {
        "x_epsg3857": 5217830.28,
        "y_epsg3857": 2818382.39,
        "ndvi": 0.0722,
        "lst": 40.4,
        "population": 36
      }
    },
    {
      "type": "Feature",
      "geometry": {
        "type": "Point",
        "coordinates": [
          46.890743,
          24.532102
        ]
      },
      "properties": {
        "x_epsg3857": 5219853.58,
        "y_epsg3857": 2818382.39,
        "ndvi": 0.202,
        "lst": 39.5,
        "population": 33
      }
    },
    {
      "type": "Feature",
      "geometry": {
        "type": "Point",
        "coordinates": [
          46.908918,
          24.532102
        ]
      },
      "properties": {
        "x_epsg3857": 5221876.88,
        "y_epsg3857": 2818382.39,
        "ndvi": 0.0943,
        "lst": 40,
        "population": 32
      }
    },
    {
      "type": "Feature",
      "geometry": {
        "type": "Point",
        "coordinates": [
          46.927094,
          24.532102
        ]
      },
      "properties": {
        "x_epsg3857": 5223900.19,
        "y_epsg3857": 2818382.39,
        "ndvi": 0.1617,
        "lst": 39.5,
        "population": 26
      }
    },
    {
      "type": "Feature",
      "geometry": {
        "type": "Point",
        "coordinates": [
          46.945269,
          24.532102
        ]
      },
      "properties": {
        "x_epsg3857": 5225923.49,
        "y_epsg3857": 2818382.39,
        "ndvi": 0.1461,
        "lst": 39.5,
        "population": 23
      }
    },
    {
      "type": "Feature",
      "geometry": {
        "type": "Point",
        "coordinates": [
          46.963445,
          24.532102
        ]
      },
      "properties": {
        "x_epsg3857": 5227946.79,
        "y_epsg3857": 2818382.39,
        "ndvi": 0.1072,
        "lst": 39.6,
        "population": 19
      }
    },
    {
      "type": "Feature",
      "geometry": {
        "type": "Point",
        "coordinates": [
          46.981621,
          24.532102
        ]
      },
      "properties": {
        "x_epsg3857": 5229970.1,
        "y_epsg3857": 2818382.39,
        "ndvi": 0.1939,
        "lst": 38.9,
        "population": 17
      }
    },
    {
      "type": "Feature",
      "geometry": {
        "type": "Point",
        "coordinates": [
          46.999796,
          24.532102
        ]
      },
      "properties": {
        "x_epsg3857": 5231993.4,
        "y_epsg3857": 2818382.39,
        "ndvi": 0.0741,
        "lst": 39.5,
        "population": 18
      }
    },
    {
      "type": "Feature",
      "geometry": {
        "type": "Point",
        "coordinates": [
          46.4,
          24.548615
        ]
      },
      "properties": {
        "x_epsg3857": 5165224.37,
        "y_epsg3857": 2820403.11,
        "ndvi": 0.1347,
        "lst": 37.8,
        "population": 19
      }
    },
    {
      "type": "Feature",
      "geometry": {
        "type": "Point",
        "coordinates": [
          46.418176,
          24.548615
        ]
      },
      "properties": {
        "x_epsg3857": 5167247.68,
        "y_epsg3857": 2820403.11,
        "ndvi": 0.1556,
        "lst": 37.8,
        "population": 21
      }
    },
    {
      "type": "Feature",
      "geometry": {
        "type": "Point",
        "coordinates": [
          46.436351,
          24.548615
        ]
      },
      "properties": {
        "x_epsg3857": 5169270.98,
        "y_epsg3857": 2820403.11,
        "ndvi": 0.1168,
        "lst": 38.2,
        "population": 24
      }
    },
    {
      "type": "Feature",
      "geometry": {
        "type": "Point",
        "coordinates": [
          46.454527,
          24.548615
        ]
      },
      "properties": {
        "x_epsg3857": 5171294.28,
        "y_epsg3857": 2820403.11,
        "ndvi": 0.1669,
        "lst": 38,
        "population": 24
      }
    },
    {
      "type": "Feature",
      "geometry": {
        "type": "Point",
        "coordinates": [
          46.472703,
          24.548615
        ]
      },
      "properties": {
        "x_epsg3857": 5173317.59,
        "y_epsg3857": 2820403.11,
        "ndvi": 0.114,
        "lst": 38.5,
        "population": 29
      }
    },
    {
      "type": "Feature",
      "geometry": {
        "type": "Point",
        "coordinates": [
          46.490878,
          24.548615
        ]
      },
      "properties": {
        "x_epsg3857": 5175340.89,
        "y_epsg3857": 2820403.11,
        "ndvi": 0.1607,
        "lst": 38.3,
        "population": 29
      }
    },
    {
      "type": "Feature",
      "geometry": {
        "type": "Point",
        "coordinates": [
          46.509054,
          24.548615
        ]
      },
      "properties": {
        "x_epsg3857": 5177364.2,
        "y_epsg3857": 2820403.11,
        "ndvi": 0.1282,
        "lst": 38.6,
        "population": 33
      }
    },
    {
      "type": "Feature",
      "geometry": {
        "type": "Point",
        "coordinates": [
          46.52723,
          24.548615
        ]
      },
      "properties": {
        "x_epsg3857": 5179387.5,
        "y_epsg3857": 2820403.11,
        "ndvi": 0.141,
        "lst": 38.7,
        "population": 38
      }
    },
    {
      "type": "Feature",
      "geometry": {
        "type": "Point",
        "coordinates": [
          46.545405,
          24.548615
        ]
      },
      "properties": {
        "x_epsg3857": 5181410.8,
        "y_epsg3857": 2820403.11,
        "ndvi": 0.15,
        "lst": 38.7,
        "population": 44
      }
    },
    {
      "type": "Feature",
      "geometry": {
        "type": "Point",
        "coordinates": [
          46.563581,
          24.548615
        ]
      },
      "properties": {
        "x_epsg3857": 5183434.11,
        "y_epsg3857": 2820403.11,
        "ndvi": 0.1207,
        "lst": 39,
        "population": 46
      }
    },
    {
      "type": "Feature",
      "geometry": {
        "type": "Point",
        "coordinates": [
          46.581756,
          24.548615
        ]
      },
      "properties": {
        "x_epsg3857": 5185457.41,
        "y_epsg3857": 2820403.11,
        "ndvi": 0.1653,
        "lst": 38.9,
        "population": 52
      }
    },
    {
      "type": "Feature",
      "geometry": {
        "type": "Point",
        "coordinates": [
          46.599932,
          24.548615
        ]
      },
      "properties": {
        "x_epsg3857": 5187480.72,
        "y_epsg3857": 2820403.11,
        "ndvi": 0.1129,
        "lst": 39.3,
        "population": 56
      }
    },
    {
      "type": "Feature",
      "geometry": {
        "type": "Point",
        "coordinates": [
          46.618108,
          24.548615
        ]
      },
      "properties": {
        "x_epsg3857": 5189504.02,
        "y_epsg3857": 2820403.11,
        "ndvi": 0.1642,
        "lst": 39,
        "population": 60
      }
    },
    {
      "type": "Feature",
      "geometry": {
        "type": "Point",
        "coordinates": [
          46.636283,
          24.548615
        ]
      },
      "properties": {
        "x_epsg3857": 5191527.32,
        "y_epsg3857": 2820403.11,
        "ndvi": 0.1228,
        "lst": 39.4,
        "population": 66
      }
    },
    {
      "type": "Feature",
      "geometry": {
        "type": "Point",
        "coordinates": [
          46.654459,
          24.548615
        ]
      },
      "properties": {
        "x_epsg3857": 5193550.63,
        "y_epsg3857": 2820403.11,
        "ndvi": 0.1473,
        "lst": 39.3,
        "population": 68
      }
    },
    {
      "type": "Feature",
      "geometry": {
        "type": "Point",
        "coordinates": [
          46.672635,
          24.548615
        ]
      },
      "properties": {
        "x_epsg3857": 5195573.93,
        "y_epsg3857": 2820403.11,
        "ndvi": 0.1439,
        "lst": 39.3,
        "population": 72
      }
    },
    {
      "type": "Feature",
      "geometry": {
        "type": "Point",
        "coordinates": [
          46.69081,
          24.548615
        ]
      },
      "properties": {
        "x_epsg3857": 5197597.24,
        "y_epsg3857": 2820403.11,
        "ndvi": 0.1256,
        "lst": 39.5,
        "population": 73
      }
    },
    {
      "type": "Feature",
      "geometry": {
        "type": "Point",
        "coordinates": [
          46.708986,
          24.548615
        ]
      },
      "properties": {
        "x_epsg3857": 5199620.54,
        "y_epsg3857": 2820403.11,
        "ndvi": 0.1624,
        "lst": 39.2,
        "population": 74
      }
    },
    {
      "type": "Feature",
      "geometry": {
        "type": "Point",
        "coordinates": [
          46.727162,
          24.548615
        ]
      },
      "properties": {
        "x_epsg3857": 5201643.84,
        "y_epsg3857": 2820403.11,
        "ndvi": 0.1133,
        "lst": 39.5,
        "population": 75
      }
    },
    {
      "type": "Feature",
      "geometry": {
        "type": "Point",
        "coordinates": [
          46.745337,
          24.548615
        ]
      },
      "properties": {
        "x_epsg3857": 5203667.15,
        "y_epsg3857": 2820403.11,
        "ndvi": 0.1664,
        "lst": 39.2,
        "population": 69
      }
    },
    {
      "type": "Feature",
      "geometry": {
        "type": "Point",
        "coordinates": [
          46.763513,
          24.548615
        ]
      },
      "properties": {
        "x_epsg3857": 5205690.45,
        "y_epsg3857": 2820403.11,
        "ndvi": 0.1184,
        "lst": 39.4,
        "population": 65
      }
    },
    {
      "type": "Feature",
      "geometry": {
        "type": "Point",
        "coordinates": [
          46.781689,
          24.548615
        ]
      },
      "properties": {
        "x_epsg3857": 5207713.76,
        "y_epsg3857": 2820403.11,
        "ndvi": 0.1531,
        "lst": 39.1,
        "population": 62
      }
    },
    {
      "type": "Feature",
      "geometry": {
        "type": "Point",
        "coordinates": [
          46.799864,
          24.548615
        ]
      },
      "properties": {
        "x_epsg3857": 5209737.06,
        "y_epsg3857": 2820403.11,
        "ndvi": 0.1375,
        "lst": 39.1,
        "population": 58
      }
    },
    {
      "type": "Feature",
      "geometry": {
        "type": "Point",
        "coordinates": [
          46.81804,
          24.548615
        ]
      },
      "properties": {
        "x_epsg3857": 5211760.36,
        "y_epsg3857": 2820403.11,
        "ndvi": 0.1314,
        "lst": 39.1,
        "population": 55
      }
    },
    {
      "type": "Feature",
      "geometry": {
        "type": "Point",
        "coordinates": [
          46.836216,
          24.548615
        ]
      },
      "properties": {
        "x_epsg3857": 5213783.67,
        "y_epsg3857": 2820403.11,
        "ndvi": 0.1583,
        "lst": 38.8,
        "population": 47
      }
    },
    {
      "type": "Feature",
      "geometry": {
        "type": "Point",
        "coordinates": [
          46.854391,
          24.548615
        ]
      },
      "properties": {
        "x_epsg3857": 5215806.97,
        "y_epsg3857": 2820403.11,
        "ndvi": 0.1152,
        "lst": 39,
        "population": 46
      }
    },
    {
      "type": "Feature",
      "geometry": {
        "type": "Point",
        "coordinates": [
          46.872567,
          24.548615
        ]
      },
      "properties": {
        "x_epsg3857": 5217830.28,
        "y_epsg3857": 2820403.11,
        "ndvi": 0.1671,
        "lst": 38.5,
        "population": 42
      }
    },
    {
      "type": "Feature",
      "geometry": {
        "type": "Point",
        "coordinates": [
          46.890743,
          24.548615
        ]
      },
      "properties": {
        "x_epsg3857": 5219853.58,
        "y_epsg3857": 2820403.11,
        "ndvi": 0.1152,
        "lst": 38.7,
        "population": 36
      }
    },
    {
      "type": "Feature",
      "geometry": {
        "type": "Point",
        "coordinates": [
          46.908918,
          24.548615
        ]
      },
      "properties": {
        "x_epsg3857": 5221876.88,
        "y_epsg3857": 2820403.11,
        "ndvi": 0.1583,
        "lst": 38.3,
        "population": 33
      }
    },
    {
      "type": "Feature",
      "geometry": {
        "type": "Point",
        "coordinates": [
          46.927094,
          24.548615
        ]
      },
      "properties": {
        "x_epsg3857": 5223900.19,
        "y_epsg3857": 2820403.11,
        "ndvi": 0.1313,
        "lst": 38.4,
        "population": 30
      }
    },
    {
      "type": "Feature",
      "geometry": {
        "type": "Point",
        "coordinates": [
          46.945269,
          24.548615
        ]
      },
      "properties": {
        "x_epsg3857": 5225923.49,
        "y_epsg3857": 2820403.11,
        "ndvi": 0.1376,
        "lst": 38.2,
        "population": 25
      }
    },
    {
      "type": "Feature",
      "geometry": {
        "type": "Point",
        "coordinates": [
          46.963445,
          24.548615
        ]
      },
      "properties": {
        "x_epsg3857": 5227946.79,
        "y_epsg3857": 2820403.11,
        "ndvi": 0.1531,
        "lst": 38,
        "population": 22
      }
    },
    {
      "type": "Feature",
      "geometry": {
        "type": "Point",
        "coordinates": [
          46.981621,
          24.548615
        ]
      },
      "properties": {
        "x_epsg3857": 5229970.1,
        "y_epsg3857": 2820403.11,
        "ndvi": 0.1184,
        "lst": 38,
        "population": 21
      }
    },
    {
      "type": "Feature",
      "geometry": {
        "type": "Point",
        "coordinates": [
          46.999796,
          24.548615
        ]
      },
      "properties": {
        "x_epsg3857": 5231993.4,
        "y_epsg3857": 2820403.11,
        "ndvi": 0.1664,
        "lst": 37.6,
        "population": 16
      }
    },
    {
      "type": "Feature",
      "geometry": {
        "type": "Point",
        "coordinates": [
          46.4,
          24.565127
        ]
      },
      "properties": {
        "x_epsg3857": 5165224.37,
        "y_epsg3857": 2822424.1,
        "ndvi": 0.1351,
        "lst": 37.1,
        "population": 20
      }
    },
    {
      "type": "Feature",
      "geometry": {
        "type": "Point",
        "coordinates": [
          46.418176,
          24.565127
        ]
      },
      "properties": {
        "x_epsg3857": 5167247.68,
        "y_epsg3857": 2822424.1,
        "ndvi": 0.1545,
        "lst": 37.2,
        "population": 19
      }
    },
    {
      "type": "Feature",
      "geometry": {
        "type": "Point",
        "coordinates": [
          46.436351,
          24.565127
        ]
      },
      "properties": {
        "x_epsg3857": 5169270.98,
        "y_epsg3857": 2822424.1,
        "ndvi": 0.1185,
        "lst": 37.5,
        "population": 24
      }
    },
    {
      "type": "Feature",
      "geometry": {
        "type": "Point",
        "coordinates": [
          46.454527,
          24.565127
        ]
      },
      "properties": {
        "x_epsg3857": 5171294.28,
        "y_epsg3857": 2822424.1,
        "ndvi": 0.1649,
        "lst": 37.4,
        "population": 27
      }
    },
    {
      "type": "Feature",
      "geometry": {
        "type": "Point",
        "coordinates": [
          46.472703,
          24.565127
        ]
      },
      "properties": {
        "x_epsg3857": 5173317.59,
        "y_epsg3857": 2822424.1,
        "ndvi": 0.1159,
        "lst": 37.8,
        "population": 29
      }
    },
    {
      "type": "Feature",
      "geometry": {
        "type": "Point",
        "coordinates": [
          46.490878,
          24.565127
        ]
      },
      "properties": {
        "x_epsg3857": 5175340.89,
        "y_epsg3857": 2822424.1,
        "ndvi": 0.1591,
        "lst": 37.7,
        "population": 34
      }
    },
    {
      "type": "Feature",
      "geometry": {
        "type": "Point",
        "coordinates": [
          46.509054,
          24.565127
        ]
      },
      "properties": {
        "x_epsg3857": 5177364.2,
        "y_epsg3857": 2822424.1,
        "ndvi": 0.129,
        "lst": 38,
        "population": 37
      }
    },
    {
      "type": "Feature",
      "geometry": {
        "type": "Point",
        "coordinates": [
          46.52723,
          24.565127
        ]
      },
      "properties": {
        "x_epsg3857": 5179387.5,
        "y_epsg3857": 2822424.1,
        "ndvi": 0.1409,
        "lst": 38,
        "population": 43
      }
    },
    {
      "type": "Feature",
      "geometry": {
        "type": "Point",
        "coordinates": [
          46.545405,
          24.565127
        ]
      },
      "properties": {
        "x_epsg3857": 5181410.8,
        "y_epsg3857": 2822424.1,
        "ndvi": 0.1493,
        "lst": 38.1,
        "population": 50
      }
    },
    {
      "type": "Feature",
      "geometry": {
        "type": "Point",
        "coordinates": [
          46.563581,
          24.565127
        ]
      },
      "properties": {
        "x_epsg3857": 5183434.11,
        "y_epsg3857": 2822424.1,
        "ndvi": 0.1221,
        "lst": 38.4,
        "population": 55
      }
    },
    {
      "type": "Feature",
      "geometry": {
        "type": "Point",
        "coordinates": [
          46.581756,
          24.565127
        ]
      },
      "properties": {
        "x_epsg3857": 5185457.41,
        "y_epsg3857": 2822424.1,
        "ndvi": 0.1635,
        "lst": 38.3,
        "population": 60
      }
    },
    {
      "type": "Feature",
      "geometry": {
        "type": "Point",
        "coordinates": [
          46.599932,
          24.565127
        ]
      },
      "properties": {
        "x_epsg3857": 5187480.72,
        "y_epsg3857": 2822424.1,
        "ndvi": 0.1149,
        "lst": 38.7,
        "population": 65
      }
    },
    {
      "type": "Feature",
      "geometry": {
        "type": "Point",
        "coordinates": [
          46.618108,
          24.565127
        ]
      },
      "properties": {
        "x_epsg3857": 5189504.02,
        "y_epsg3857": 2822424.1,
        "ndvi": 0.1624,
        "lst": 38.5,
        "population": 70
      }
    },
    {
      "type": "Feature",
      "geometry": {
        "type": "Point",
        "coordinates": [
          46.636283,
          24.565127
        ]
      },
      "properties": {
        "x_epsg3857": 5191527.32,
        "y_epsg3857": 2822424.1,
        "ndvi": 0.0641,
        "lst": 39.1,
        "population": 73
      }
    },
    {
      "type": "Feature",
      "geometry": {
        "type": "Point",
        "coordinates": [
          46.654459,
          24.565127
        ]
      },
      "properties": {
        "x_epsg3857": 5193550.63,
        "y_epsg3857": 2822424.1,
        "ndvi": 0.0867,
        "lst": 39,
        "population": 79
      }
    },
    {
      "type": "Feature",
      "geometry": {
        "type": "Point",
        "coordinates": [
          46.672635,
          24.565127
        ]
      },
      "properties": {
        "x_epsg3857": 5195573.93,
        "y_epsg3857": 2822424.1,
        "ndvi": 0.0836,
        "lst": 39.1,
        "population": 80
      }
    },
    {
      "type": "Feature",
      "geometry": {
        "type": "Point",
        "coordinates": [
          46.69081,
          24.565127
        ]
      },
      "properties": {
        "x_epsg3857": 5197597.24,
        "y_epsg3857": 2822424.1,
        "ndvi": 0.0667,
        "lst": 39.2,
        "population": 85
      }
    },
    {
      "type": "Feature",
      "geometry": {
        "type": "Point",
        "coordinates": [
          46.708986,
          24.565127
        ]
      },
      "properties": {
        "x_epsg3857": 5199620.54,
        "y_epsg3857": 2822424.1,
        "ndvi": 0.1008,
        "lst": 39,
        "population": 86
      }
    },
    {
      "type": "Feature",
      "geometry": {
        "type": "Point",
        "coordinates": [
          46.727162,
          24.565127
        ]
      },
      "properties": {
        "x_epsg3857": 5201643.84,
        "y_epsg3857": 2822424.1,
        "ndvi": 0.0553,
        "lst": 39.3,
        "population": 83
      }
    },
    {
      "type": "Feature",
      "geometry": {
        "type": "Point",
        "coordinates": [
          46.745337,
          24.565127
        ]
      },
      "properties": {
        "x_epsg3857": 5203667.15,
        "y_epsg3857": 2822424.1,
        "ndvi": 0.1044,
        "lst": 38.9,
        "population": 80
      }
    },
    {
      "type": "Feature",
      "geometry": {
        "type": "Point",
        "coordinates": [
          46.763513,
          24.565127
        ]
      },
      "properties": {
        "x_epsg3857": 5205690.45,
        "y_epsg3857": 2822424.1,
        "ndvi": 0.06,
        "lst": 39.1,
        "population": 76
      }
    },
    {
      "type": "Feature",
      "geometry": {
        "type": "Point",
        "coordinates": [
          46.781689,
          24.565127
        ]
      },
      "properties": {
        "x_epsg3857": 5207713.76,
        "y_epsg3857": 2822424.1,
        "ndvi": 0.1522,
        "lst": 38.5,
        "population": 70
      }
    },
    {
      "type": "Feature",
      "geometry": {
        "type": "Point",
        "coordinates": [
          46.799864,
          24.565127
        ]
      },
      "properties": {
        "x_epsg3857": 5209737.06,
        "y_epsg3857": 2822424.1,
        "ndvi": 0.1377,
        "lst": 38.5,
        "population": 67
      }
    },
    {
      "type": "Feature",
      "geometry": {
        "type": "Point",
        "coordinates": [
          46.81804,
          24.565127
        ]
      },
      "properties": {
        "x_epsg3857": 5211760.36,
        "y_epsg3857": 2822424.1,
        "ndvi": 0.132,
        "lst": 38.5,
        "population": 57
      }
    },
    {
      "type": "Feature",
      "geometry": {
        "type": "Point",
        "coordinates": [
          46.836216,
          24.565127
        ]
      },
      "properties": {
        "x_epsg3857": 5213783.67,
        "y_epsg3857": 2822424.1,
        "ndvi": 0.1569,
        "lst": 38.2,
        "population": 52
      }
    },
    {
      "type": "Feature",
      "geometry": {
        "type": "Point",
        "coordinates": [
          46.854391,
          24.565127
        ]
      },
      "properties": {
        "x_epsg3857": 5215806.97,
        "y_epsg3857": 2822424.1,
        "ndvi": 0.117,
        "lst": 38.3,
        "population": 48
      }
    },
    {
      "type": "Feature",
      "geometry": {
        "type": "Point",
        "coordinates": [
          46.872567,
          24.565127
        ]
      },
      "properties": {
        "x_epsg3857": 5217830.28,
        "y_epsg3857": 2822424.1,
        "ndvi": 0.1651,
        "lst": 37.9,
        "population": 45
      }
    },
    {
      "type": "Feature",
      "geometry": {
        "type": "Point",
        "coordinates": [
          46.890743,
          24.565127
        ]
      },
      "properties": {
        "x_epsg3857": 5219853.58,
        "y_epsg3857": 2822424.1,
        "ndvi": 0.117,
        "lst": 38.1,
        "population": 38
      }
    },
    {
      "type": "Feature",
      "geometry": {
        "type": "Point",
        "coordinates": [
          46.908918,
          24.565127
        ]
      },
      "properties": {
        "x_epsg3857": 5221876.88,
        "y_epsg3857": 2822424.1,
        "ndvi": 0.1569,
        "lst": 37.7,
        "population": 33
      }
    },
    {
      "type": "Feature",
      "geometry": {
        "type": "Point",
        "coordinates": [
          46.927094,
          24.565127
        ]
      },
      "properties": {
        "x_epsg3857": 5223900.19,
        "y_epsg3857": 2822424.1,
        "ndvi": 0.132,
        "lst": 37.7,
        "population": 33
      }
    },
    {
      "type": "Feature",
      "geometry": {
        "type": "Point",
        "coordinates": [
          46.945269,
          24.565127
        ]
      },
      "properties": {
        "x_epsg3857": 5225923.49,
        "y_epsg3857": 2822424.1,
        "ndvi": 0.1378,
        "lst": 37.5,
        "population": 27
      }
    },
    {
      "type": "Feature",
      "geometry": {
        "type": "Point",
        "coordinates": [
          46.963445,
          24.565127
        ]
      },
      "properties": {
        "x_epsg3857": 5227946.79,
        "y_epsg3857": 2822424.1,
        "ndvi": 0.1521,
        "lst": 37.3,
        "population": 24
      }
    },
    {
      "type": "Feature",
      "geometry": {
        "type": "Point",
        "coordinates": [
          46.981621,
          24.565127
        ]
      },
      "properties": {
        "x_epsg3857": 5229970.1,
        "y_epsg3857": 2822424.1,
        "ndvi": 0.12,
        "lst": 37.4,
        "population": 23
      }
    },
    {
      "type": "Feature",
      "geometry": {
        "type": "Point",
        "coordinates": [
          46.999796,
          24.565127
        ]
      },
      "properties": {
        "x_epsg3857": 5231993.4,
        "y_epsg3857": 2822424.1,
        "ndvi": 0.1644,
        "lst": 36.9,
        "population": 18
      }
    },
    {
      "type": "Feature",
      "geometry": {
        "type": "Point",
        "coordinates": [
          46.4,
          24.58164
        ]
      },
      "properties": {
        "x_epsg3857": 5165224.37,
        "y_epsg3857": 2824445.35,
        "ndvi": 0.1531,
        "lst": 38.1,
        "population": 20
      }
    },
    {
      "type": "Feature",
      "geometry": {
        "type": "Point",
        "coordinates": [
          46.418176,
          24.58164
        ]
      },
      "properties": {
        "x_epsg3857": 5167247.68,
        "y_epsg3857": 2824445.35,
        "ndvi": 0.1016,
        "lst": 38.6,
        "population": 21
      }
    },
    {
      "type": "Feature",
      "geometry": {
        "type": "Point",
        "coordinates": [
          46.436351,
          24.58164
        ]
      },
      "properties": {
        "x_epsg3857": 5169270.98,
        "y_epsg3857": 2824445.35,
        "ndvi": 0.1971,
        "lst": 38.2,
        "population": 26
      }
    },
    {
      "type": "Feature",
      "geometry": {
        "type": "Point",
        "coordinates": [
          46.454527,
          24.58164
        ]
      },
      "properties": {
        "x_epsg3857": 5171294.28,
        "y_epsg3857": 2824445.35,
        "ndvi": 0.0739,
        "lst": 39,
        "population": 29
      }
    },
    {
      "type": "Feature",
      "geometry": {
        "type": "Point",
        "coordinates": [
          46.472703,
          24.58164
        ]
      },
      "properties": {
        "x_epsg3857": 5173317.59,
        "y_epsg3857": 2824445.35,
        "ndvi": 0.2039,
        "lst": 38.4,
        "population": 34
      }
    },
    {
      "type": "Feature",
      "geometry": {
        "type": "Point",
        "coordinates": [
          46.490878,
          24.58164
        ]
      },
      "properties": {
        "x_epsg3857": 5175340.89,
        "y_epsg3857": 2824445.35,
        "ndvi": 0.0892,
        "lst": 39.2,
        "population": 36
      }
    },
    {
      "type": "Feature",
      "geometry": {
        "type": "Point",
        "coordinates": [
          46.509054,
          24.58164
        ]
      },
      "properties": {
        "x_epsg3857": 5177364.2,
        "y_epsg3857": 2824445.35,
        "ndvi": 0.1691,
        "lst": 38.9,
        "population": 41
      }
    },
    {
      "type": "Feature",
      "geometry": {
        "type": "Point",
        "coordinates": [
          46.52723,
          24.58164
        ]
      },
      "properties": {
        "x_epsg3857": 5179387.5,
        "y_epsg3857": 2824445.35,
        "ndvi": 0.1376,
        "lst": 39.2,
        "population": 46
      }
    },
    {
      "type": "Feature",
      "geometry": {
        "type": "Point",
        "coordinates": [
          46.545405,
          24.58164
        ]
      },
      "properties": {
        "x_epsg3857": 5181410.8,
        "y_epsg3857": 2824445.35,
        "ndvi": 0.1154,
        "lst": 39.5,
        "population": 50
      }
    },
    {
      "type": "Feature",
      "geometry": {
        "type": "Point",
        "coordinates": [
          46.563581,
          24.58164
        ]
      },
      "properties": {
        "x_epsg3857": 5183434.11,
        "y_epsg3857": 2824445.35,
        "ndvi": 0.1875,
        "lst": 39.2,
        "population": 57
      }
    },
    {
      "type": "Feature",
      "geometry": {
        "type": "Point",
        "coordinates": [
          46.581756,
          24.58164
        ]
      },
      "properties": {
        "x_epsg3857": 5185457.41,
        "y_epsg3857": 2824445.35,
        "ndvi": 0.0777,
        "lst": 39.9,
        "population": 62
      }
    },
    {
      "type": "Feature",
      "geometry": {
        "type": "Point",
        "coordinates": [
          46.599932,
          24.58164
        ]
      },
      "properties": {
        "x_epsg3857": 5187480.72,
        "y_epsg3857": 2824445.35,
        "ndvi": 0.2065,
        "lst": 39.3,
        "population": 69
      }
    },
    {
      "type": "Feature",
      "geometry": {
        "type": "Point",
        "coordinates": [
          46.618108,
          24.58164
        ]
      },
      "properties": {
        "x_epsg3857": 5189504.02,
        "y_epsg3857": 2824445.35,
        "ndvi": 0.0206,
        "lst": 40.5,
        "population": 78
      }
    },
    {
      "type": "Feature",
      "geometry": {
        "type": "Point",
        "coordinates": [
          46.636283,
          24.58164
        ]
      },
      "properties": {
        "x_epsg3857": 5191527.32,
        "y_epsg3857": 2824445.35,
        "ndvi": 0.1222,
        "lst": 40,
        "population": 84
      }
    },
    {
      "type": "Feature",
      "geometry": {
        "type": "Point",
        "coordinates": [
          46.654459,
          24.58164
        ]
      },
      "properties": {
        "x_epsg3857": 5193550.63,
        "y_epsg3857": 2824445.35,
        "ndvi": 0.0622,
        "lst": 40.4,
        "population": 90
      }
    },
    {
      "type": "Feature",
      "geometry": {
        "type": "Point",
        "coordinates": [
          46.672635,
          24.58164
        ]
      },
      "properties": {
        "x_epsg3857": 5195573.93,
        "y_epsg3857": 2824445.35,
        "ndvi": 0.0704,
        "lst": 40.4,
        "population": 92
      }
    },
    {
      "type": "Feature",
      "geometry": {
        "type": "Point",
        "coordinates": [
          46.69081,
          24.58164
        ]
      },
      "properties": {
        "x_epsg3857": 5197597.24,
        "y_epsg3857": 2824445.35,
        "ndvi": 0.1153,
        "lst": 40.1,
        "population": 97
      }
    },
    {
      "type": "Feature",
      "geometry": {
        "type": "Point",
        "coordinates": [
          46.708986,
          24.58164
        ]
      },
      "properties": {
        "x_epsg3857": 5199620.54,
        "y_epsg3857": 2824445.35,
        "ndvi": 0.0249,
        "lst": 40.7,
        "population": 97
      }
    },
    {
      "type": "Feature",
      "geometry": {
        "type": "Point",
        "coordinates": [
          46.727162,
          24.58164
        ]
      },
      "properties": {
        "x_epsg3857": 5201643.84,
        "y_epsg3857": 2824445.35,
        "ndvi": 0.1455,
        "lst": 39.9,
        "population": 95
      }
    },
    {
      "type": "Feature",
      "geometry": {
        "type": "Point",
        "coordinates": [
          46.745337,
          24.58164
        ]
      },
      "properties": {
        "x_epsg3857": 5203667.15,
        "y_epsg3857": 2824445.35,
        "ndvi": 0.0152,
        "lst": 40.7,
        "population": 91
      }
    },
    {
      "type": "Feature",
      "geometry": {
        "type": "Point",
        "coordinates": [
          46.763513,
          24.58164
        ]
      },
      "properties": {
        "x_epsg3857": 5205690.45,
        "y_epsg3857": 2824445.35,
        "ndvi": 0.133,
        "lst": 39.9,
        "population": 88
      }
    },
    {
      "type": "Feature",
      "geometry": {
        "type": "Point",
        "coordinates": [
          46.781689,
          24.58164
        ]
      },
      "properties": {
        "x_epsg3857": 5207713.76,
        "y_epsg3857": 2824445.35,
        "ndvi": 0.0477,
        "lst": 40.3,
        "population": 78
      }
    },
    {
      "type": "Feature",
      "geometry": {
        "type": "Point",
        "coordinates": [
          46.799864,
          24.58164
        ]
      },
      "properties": {
        "x_epsg3857": 5209737.06,
        "y_epsg3857": 2824445.35,
        "ndvi": 0.146,
        "lst": 39.6,
        "population": 71
      }
    },
    {
      "type": "Feature",
      "geometry": {
        "type": "Point",
        "coordinates": [
          46.81804,
          24.58164
        ]
      },
      "properties": {
        "x_epsg3857": 5211760.36,
        "y_epsg3857": 2824445.35,
        "ndvi": 0.1612,
        "lst": 39.4,
        "population": 65
      }
    },
    {
      "type": "Feature",
      "geometry": {
        "type": "Point",
        "coordinates": [
          46.836216,
          24.58164
        ]
      },
      "properties": {
        "x_epsg3857": 5213783.67,
        "y_epsg3857": 2824445.35,
        "ndvi": 0.0951,
        "lst": 39.7,
        "population": 58
      }
    },
    {
      "type": "Feature",
      "geometry": {
        "type": "Point",
        "coordinates": [
          46.854391,
          24.58164
        ]
      },
      "properties": {
        "x_epsg3857": 5215806.97,
        "y_epsg3857": 2824445.35,
        "ndvi": 0.2009,
        "lst": 39,
        "population": 55
      }
    },
    {
      "type": "Feature",
      "geometry": {
        "type": "Point",
        "coordinates": [
          46.872567,
          24.58164
        ]
      },
      "properties": {
        "x_epsg3857": 5217830.28,
        "y_epsg3857": 2824445.35,
        "ndvi": 0.0734,
        "lst": 39.6,
        "population": 46
      }
    },
    {
      "type": "Feature",
      "geometry": {
        "type": "Point",
        "coordinates": [
          46.890743,
          24.58164
        ]
      },
      "properties": {
        "x_epsg3857": 5219853.58,
        "y_epsg3857": 2824445.35,
        "ndvi": 0.201,
        "lst": 38.7,
        "population": 44
      }
    },
    {
      "type": "Feature",
      "geometry": {
        "type": "Point",
        "coordinates": [
          46.908918,
          24.58164
        ]
      },
      "properties": {
        "x_epsg3857": 5221876.88,
        "y_epsg3857": 2824445.35,
        "ndvi": 0.095,
        "lst": 39.2,
        "population": 36
      }
    },
    {
      "type": "Feature",
      "geometry": {
        "type": "Point",
        "coordinates": [
          46.927094,
          24.58164
        ]
      },
      "properties": {
        "x_epsg3857": 5223900.19,
        "y_epsg3857": 2824445.35,
        "ndvi": 0.1613,
        "lst": 38.7,
        "population": 30
      }
    },
    {
      "type": "Feature",
      "geometry": {
        "type": "Point",
        "coordinates": [
          46.945269,
          24.58164
        ]
      },
      "properties": {
        "x_epsg3857": 5225923.49,
        "y_epsg3857": 2824445.35,
        "ndvi": 0.146,
        "lst": 38.6,
        "population": 30
      }
    },
    {
      "type": "Feature",
      "geometry": {
        "type": "Point",
        "coordinates": [
          46.963445,
          24.58164
        ]
      },
      "properties": {
        "x_epsg3857": 5227946.79,
        "y_epsg3857": 2824445.35,
        "ndvi": 0.1078,
        "lst": 38.7,
        "population": 28
      }
    },
    {
      "type": "Feature",
      "geometry": {
        "type": "Point",
        "coordinates": [
          46.981621,
          24.58164
        ]
      },
      "properties": {
        "x_epsg3857": 5229970.1,
        "y_epsg3857": 2824445.35,
        "ndvi": 0.193,
        "lst": 38,
        "population": 21
      }
    },
    {
      "type": "Feature",
      "geometry": {
        "type": "Point",
        "coordinates": [
          46.999796,
          24.58164
        ]
      },
      "properties": {
        "x_epsg3857": 5231993.4,
        "y_epsg3857": 2824445.35,
        "ndvi": 0.0752,
        "lst": 38.6,
        "population": 20
      }
    },
    {
      "type": "Feature",
      "geometry": {
        "type": "Point",
        "coordinates": [
          46.4,
          24.598153
        ]
      },
      "properties": {
        "x_epsg3857": 5165224.37,
        "y_epsg3857": 2826466.87,
        "ndvi": 0.1243,
        "lst": 39.6,
        "population": 20
      }
    },
    {
      "type": "Feature",
      "geometry": {
        "type": "Point",
        "coordinates": [
          46.418176,
          24.598153
        ]
      },
      "properties": {
        "x_epsg3857": 5167247.68,
        "y_epsg3857": 2826466.87,
        "ndvi": 0.1859,
        "lst": 39.4,
        "population": 25
      }
    },
    {
      "type": "Feature",
      "geometry": {
        "type": "Point",
        "coordinates": [
          46.436351,
          24.598153
        ]
      },
      "properties": {
        "x_epsg3857": 5169270.98,
        "y_epsg3857": 2826466.87,
        "ndvi": 0.0717,
        "lst": 40.2,
        "population": 28
      }
    },
    {
      "type": "Feature",
      "geometry": {
        "type": "Point",
        "coordinates": [
          46.454527,
          24.598153
        ]
      },
      "properties": {
        "x_epsg3857": 5171294.28,
        "y_epsg3857": 2826466.87,
        "ndvi": 0.2191,
        "lst": 39.5,
        "population": 29
      }
    },
    {
      "type": "Feature",
      "geometry": {
        "type": "Point",
        "coordinates": [
          46.472703,
          24.598153
        ]
      },
      "properties": {
        "x_epsg3857": 5173317.59,
        "y_epsg3857": 2826466.87,
        "ndvi": 0.0635,
        "lst": 40.6,
        "population": 34
      }
    },
    {
      "type": "Feature",
      "geometry": {
        "type": "Point",
        "coordinates": [
          46.490878,
          24.598153
        ]
      },
      "properties": {
        "x_epsg3857": 5175340.89,
        "y_epsg3857": 2826466.87,
        "ndvi": 0.2008,
        "lst": 39.9,
        "population": 40
      }
    },
    {
      "type": "Feature",
      "geometry": {
        "type": "Point",
        "coordinates": [
          46.509054,
          24.598153
        ]
      },
      "properties": {
        "x_epsg3857": 5177364.2,
        "y_epsg3857": 2826466.87,
        "ndvi": 0.1052,
        "lst": 40.6,
        "population": 45
      }
    },
    {
      "type": "Feature",
      "geometry": {
        "type": "Point",
        "coordinates": [
          46.52723,
          24.598153
        ]
      },
      "properties": {
        "x_epsg3857": 5179387.5,
        "y_epsg3857": 2826466.87,
        "ndvi": 0.1429,
        "lst": 40.5,
        "population": 49
      }
    },
    {
      "type": "Feature",
      "geometry": {
        "type": "Point",
        "coordinates": [
          46.545405,
          24.598153
        ]
      },
      "properties": {
        "x_epsg3857": 5181410.8,
        "y_epsg3857": 2826466.87,
        "ndvi": 0.1695,
        "lst": 40.5,
        "population": 57
      }
    },
    {
      "type": "Feature",
      "geometry": {
        "type": "Point",
        "coordinates": [
          46.563581,
          24.598153
        ]
      },
      "properties": {
        "x_epsg3857": 5183434.11,
        "y_epsg3857": 2826466.87,
        "ndvi": 0.0831,
        "lst": 41.1,
        "population": 64
      }
    },
    {
      "type": "Feature",
      "geometry": {
        "type": "Point",
        "coordinates": [
          46.581756,
          24.598153
        ]
      },
      "properties": {
        "x_epsg3857": 5185457.41,
        "y_epsg3857": 2826466.87,
        "ndvi": 0.2146,
        "lst": 40.5,
        "population": 68
      }
    },
    {
      "type": "Feature",
      "geometry": {
        "type": "Point",
        "coordinates": [
          46.599932,
          24.598153
        ]
      },
      "properties": {
        "x_epsg3857": 5187480.72,
        "y_epsg3857": 2826466.87,
        "ndvi": 0.01,
        "lst": 41.8,
        "population": 79
      }
    },
    {
      "type": "Feature",
      "geometry": {
        "type": "Point",
        "coordinates": [
          46.618108,
          24.598153
        ]
      },
      "properties": {
        "x_epsg3857": 5189504.02,
        "y_epsg3857": 2826466.87,
        "ndvi": 0.1511,
        "lst": 41.1,
        "population": 89
      }
    },
    {
      "type": "Feature",
      "geometry": {
        "type": "Point",
        "coordinates": [
          46.636283,
          24.598153
        ]
      },
      "properties": {
        "x_epsg3857": 5191527.32,
        "y_epsg3857": 2826466.87,
        "ndvi": 0.0294,
        "lst": 41.9,
        "population": 95
      }
    },
    {
      "type": "Feature",
      "geometry": {
        "type": "Point",
        "coordinates": [
          46.654459,
          24.598153
        ]
      },
      "properties": {
        "x_epsg3857": 5193550.63,
        "y_epsg3857": 2826466.87,
        "ndvi": 0.1014,
        "lst": 41.5,
        "population": 104
      }
    },
    {
      "type": "Feature",
      "geometry": {
        "type": "Point",
        "coordinates": [
          46.672635,
          24.598153
        ]
      },
      "properties": {
        "x_epsg3857": 5195573.93,
        "y_epsg3857": 2826466.87,
        "ndvi": 0.0914,
        "lst": 41.7,
        "population": 108
      }
    },
    {
      "type": "Feature",
      "geometry": {
        "type": "Point",
        "coordinates": [
          46.69081,
          24.598153
        ]
      },
      "properties": {
        "x_epsg3857": 5197597.24,
        "y_epsg3857": 2826466.87,
        "ndvi": 0.0377,
        "lst": 42,
        "population": 112
      }
    },
    {
      "type": "Feature",
      "geometry": {
        "type": "Point",
        "coordinates": [
          46.708986,
          24.598153
        ]
      },
      "properties": {
        "x_epsg3857": 5199620.54,
        "y_epsg3857": 2826466.87,
        "ndvi": 0.146,
        "lst": 41.4,
        "population": 108
      }
    },
    {
      "type": "Feature",
      "geometry": {
        "type": "Point",
        "coordinates": [
          46.727162,
          24.598153
        ]
      },
      "properties": {
        "x_epsg3857": 5201643.84,
        "y_epsg3857": 2826466.87,
        "ndvi": 0.01,
        "lst": 42.1,
        "population": 107
      }
    },
    {
      "type": "Feature",
      "geometry": {
        "type": "Point",
        "coordinates": [
          46.745337,
          24.598153
        ]
      },
      "properties": {
        "x_epsg3857": 5203667.15,
        "y_epsg3857": 2826466.87,
        "ndvi": 0.1576,
        "lst": 41.2,
        "population": 105
      }
    },
    {
      "type": "Feature",
      "geometry": {
        "type": "Point",
        "coordinates": [
          46.763513,
          24.598153
        ]
      },
      "properties": {
        "x_epsg3857": 5205690.45,
        "y_epsg3857": 2826466.87,
        "ndvi": 0.0165,
        "lst": 42,
        "population": 96
      }
    },
    {
      "type": "Feature",
      "geometry": {
        "type": "Point",
        "coordinates": [
          46.781689,
          24.598153
        ]
      },
      "properties": {
        "x_epsg3857": 5207713.76,
        "y_epsg3857": 2826466.87,
        "ndvi": 0.1187,
        "lst": 41.3,
        "population": 86
      }
    },
    {
      "type": "Feature",
      "geometry": {
        "type": "Point",
        "coordinates": [
          46.799864,
          24.598153
        ]
      },
      "properties": {
        "x_epsg3857": 5209737.06,
        "y_epsg3857": 2826466.87,
        "ndvi": 0.0728,
        "lst": 41.4,
        "population": 79
      }
    },
    {
      "type": "Feature",
      "geometry": {
        "type": "Point",
        "coordinates": [
          46.81804,
          24.598153
        ]
      },
      "properties": {
        "x_epsg3857": 5211760.36,
        "y_epsg3857": 2826466.87,
        "ndvi": 0.1146,
        "lst": 41.1,
        "population": 74
      }
    },
    {
      "type": "Feature",
      "geometry": {
        "type": "Point",
        "coordinates": [
          46.836216,
          24.598153
        ]
      },
      "properties": {
        "x_epsg3857": 5213783.67,
        "y_epsg3857": 2826466.87,
        "ndvi": 0.1938,
        "lst": 40.5,
        "population": 66
      }
    },
    {
      "type": "Feature",
      "geometry": {
        "type": "Point",
        "coordinates": [
          46.854391,
          24.598153
        ]
      },
      "properties": {
        "x_epsg3857": 5215806.97,
        "y_epsg3857": 2826466.87,
        "ndvi": 0.067,
        "lst": 41.1,
        "population": 60
      }
    },
    {
      "type": "Feature",
      "geometry": {
        "type": "Point",
        "coordinates": [
          46.872567,
          24.598153
        ]
      },
      "properties": {
        "x_epsg3857": 5217830.28,
        "y_epsg3857": 2826466.87,
        "ndvi": 0.2198,
        "lst": 40.1,
        "population": 51
      }
    },
    {
      "type": "Feature",
      "geometry": {
        "type": "Point",
        "coordinates": [
          46.890743,
          24.598153
        ]
      },
      "properties": {
        "x_epsg3857": 5219853.58,
        "y_epsg3857": 2826466.87,
        "ndvi": 0.067,
        "lst": 40.8,
        "population": 42
      }
    },
    {
      "type": "Feature",
      "geometry": {
        "type": "Point",
        "coordinates": [
          46.908918,
          24.598153
        ]
      },
      "properties": {
        "x_epsg3857": 5221876.88,
        "y_epsg3857": 2826466.87,
        "ndvi": 0.1938,
        "lst": 39.9,
        "population": 37
      }
    },
    {
      "type": "Feature",
      "geometry": {
        "type": "Point",
        "coordinates": [
          46.927094,
          24.598153
        ]
      },
      "properties": {
        "x_epsg3857": 5223900.19,
        "y_epsg3857": 2826466.87,
        "ndvi": 0.1145,
        "lst": 40.3,
        "population": 35
      }
    },
    {
      "type": "Feature",
      "geometry": {
        "type": "Point",
        "coordinates": [
          46.945269,
          24.598153
        ]
      },
      "properties": {
        "x_epsg3857": 5225923.49,
        "y_epsg3857": 2826466.87,
        "ndvi": 0.1329,
        "lst": 40,
        "population": 29
      }
    },
    {
      "type": "Feature",
      "geometry": {
        "type": "Point",
        "coordinates": [
          46.963445,
          24.598153
        ]
      },
      "properties": {
        "x_epsg3857": 5227946.79,
        "y_epsg3857": 2826466.87,
        "ndvi": 0.1786,
        "lst": 39.6,
        "population": 26
      }
    },
    {
      "type": "Feature",
      "geometry": {
        "type": "Point",
        "coordinates": [
          46.981621,
          24.598153
        ]
      },
      "properties": {
        "x_epsg3857": 5229970.1,
        "y_epsg3857": 2826466.87,
        "ndvi": 0.0765,
        "lst": 40,
        "population": 22
      }
    },
    {
      "type": "Feature",
      "geometry": {
        "type": "Point",
        "coordinates": [
          46.999796,
          24.598153
        ]
      },
      "properties": {
        "x_epsg3857": 5231993.4,
        "y_epsg3857": 2826466.87,
        "ndvi": 0.2176,
        "lst": 39,
        "population": 21
      }
    },
    {
      "type": "Feature",
      "geometry": {
        "type": "Point",
        "coordinates": [
          46.4,
          24.614665
        ]
      },
      "properties": {
        "x_epsg3857": 5165224.37,
        "y_epsg3857": 2828488.66,
        "ndvi": 0.1516,
        "lst": 39,
        "population": 22
      }
    },
    {
      "type": "Feature",
      "geometry": {
        "type": "Point",
        "coordinates": [
          46.418176,
          24.614665
        ]
      },
      "properties": {
        "x_epsg3857": 5167247.68,
        "y_epsg3857": 2828488.66,
        "ndvi": 0.106,
        "lst": 39.5,
        "population": 23
      }
    },
    {
      "type": "Feature",
      "geometry": {
        "type": "Point",
        "coordinates": [
          46.436351,
          24.614665
        ]
      },
      "properties": {
        "x_epsg3857": 5169270.98,
        "y_epsg3857": 2828488.66,
        "ndvi": 0.1905,
        "lst": 39.1,
        "population": 27
      }
    },
    {
      "type": "Feature",
      "geometry": {
        "type": "Point",
        "coordinates": [
          46.454527,
          24.614665
        ]
      },
      "properties": {
        "x_epsg3857": 5171294.28,
        "y_epsg3857": 2828488.66,
        "ndvi": 0.0815,
        "lst": 39.9,
        "population": 30
      }
    },
    {
      "type": "Feature",
      "geometry": {
        "type": "Point",
        "coordinates": [
          46.472703,
          24.614665
        ]
      },
      "properties": {
        "x_epsg3857": 5173317.59,
        "y_epsg3857": 2828488.66,
        "ndvi": 0.1965,
        "lst": 39.4,
        "population": 38
      }
    },
    {
      "type": "Feature",
      "geometry": {
        "type": "Point",
        "coordinates": [
          46.490878,
          24.614665
        ]
      },
      "properties": {
        "x_epsg3857": 5175340.89,
        "y_epsg3857": 2828488.66,
        "ndvi": 0.0951,
        "lst": 40.1,
        "population": 39
      }
    },
    {
      "type": "Feature",
      "geometry": {
        "type": "Point",
        "coordinates": [
          46.509054,
          24.614665
        ]
      },
      "properties": {
        "x_epsg3857": 5177364.2,
        "y_epsg3857": 2828488.66,
        "ndvi": 0.1657,
        "lst": 39.9,
        "population": 46
      }
    },
    {
      "type": "Feature",
      "geometry": {
        "type": "Point",
        "coordinates": [
          46.52723,
          24.614665
        ]
      },
      "properties": {
        "x_epsg3857": 5179387.5,
        "y_epsg3857": 2828488.66,
        "ndvi": 0.1379,
        "lst": 40.2,
        "population": 55
      }
    },
    {
      "type": "Feature",
      "geometry": {
        "type": "Point",
        "coordinates": [
          46.545405,
          24.614665
        ]
      },
      "properties": {
        "x_epsg3857": 5181410.8,
        "y_epsg3857": 2828488.66,
        "ndvi": 0.1182,
        "lst": 40.4,
        "population": 60
      }
    },
    {
      "type": "Feature",
      "geometry": {
        "type": "Point",
        "coordinates": [
          46.563581,
          24.614665
        ]
      },
      "properties": {
        "x_epsg3857": 5183434.11,
        "y_epsg3857": 2828488.66,
        "ndvi": 0.182,
        "lst": 40.2,
        "population": 66
      }
    },
    {
      "type": "Feature",
      "geometry": {
        "type": "Point",
        "coordinates": [
          46.581756,
          24.614665
        ]
      },
      "properties": {
        "x_epsg3857": 5185457.41,
        "y_epsg3857": 2828488.66,
        "ndvi": 0.0249,
        "lst": 41.3,
        "population": 75
      }
    },
    {
      "type": "Feature",
      "geometry": {
        "type": "Point",
        "coordinates": [
          46.599932,
          24.614665
        ]
      },
      "properties": {
        "x_epsg3857": 5187480.72,
        "y_epsg3857": 2828488.66,
        "ndvi": 0.1389,
        "lst": 40.7,
        "population": 87
      }
    },
    {
      "type": "Feature",
      "geometry": {
        "type": "Point",
        "coordinates": [
          46.618108,
          24.614665
        ]
      },
      "properties": {
        "x_epsg3857": 5189504.02,
        "y_epsg3857": 2828488.66,
        "ndvi": 0.0274,
        "lst": 41.5,
        "population": 97
      }
    },
    {
      "type": "Feature",
      "geometry": {
        "type": "Point",
        "coordinates": [
          46.636283,
          24.614665
        ]
      },
      "properties": {
        "x_epsg3857": 5191527.32,
        "y_epsg3857": 2828488.66,
        "ndvi": 0.1174,
        "lst": 41,
        "population": 105
      }
    },
    {
      "type": "Feature",
      "geometry": {
        "type": "Point",
        "coordinates": [
          46.654459,
          24.614665
        ]
      },
      "properties": {
        "x_epsg3857": 5193550.63,
        "y_epsg3857": 2828488.66,
        "ndvi": 0.0642,
        "lst": 41.5,
        "population": 113
      }
    },
    {
      "type": "Feature",
      "geometry": {
        "type": "Point",
        "coordinates": [
          46.672635,
          24.614665
        ]
      },
      "properties": {
        "x_epsg3857": 5195573.93,
        "y_epsg3857": 2828488.66,
        "ndvi": 0.0715,
        "lst": 41.5,
        "population": 122
      }
    },
    {
      "type": "Feature",
      "geometry": {
        "type": "Point",
        "coordinates": [
          46.69081,
          24.614665
        ]
      },
      "properties": {
        "x_epsg3857": 5197597.24,
        "y_epsg3857": 2828488.66,
        "ndvi": 0.1113,
        "lst": 41.3,
        "population": 125
      }
    },
    {
      "type": "Feature",
      "geometry": {
        "type": "Point",
        "coordinates": [
          46.708986,
          24.614665
        ]
      },
      "properties": {
        "x_epsg3857": 5199620.54,
        "y_epsg3857": 2828488.66,
        "ndvi": 0.0312,
        "lst": 41.7,
        "population": 124
      }
    },
    {
      "type": "Feature",
      "geometry": {
        "type": "Point",
        "coordinates": [
          46.727162,
          24.614665
        ]
      },
      "properties": {
        "x_epsg3857": 5201643.84,
        "y_epsg3857": 2828488.66,
        "ndvi": 0.138,
        "lst": 41.1,
        "population": 122
      }
    },
    {
      "type": "Feature",
      "geometry": {
        "type": "Point",
        "coordinates": [
          46.745337,
          24.614665
        ]
      },
      "properties": {
        "x_epsg3857": 5203667.15,
        "y_epsg3857": 2828488.66,
        "ndvi": 0.0227,
        "lst": 41.7,
        "population": 116
      }
    },
    {
      "type": "Feature",
      "geometry": {
        "type": "Point",
        "coordinates": [
          46.763513,
          24.614665
        ]
      },
      "properties": {
        "x_epsg3857": 5205690.45,
        "y_epsg3857": 2828488.66,
        "ndvi": 0.1269,
        "lst": 41,
        "population": 108
      }
    },
    {
      "type": "Feature",
      "geometry": {
        "type": "Point",
        "coordinates": [
          46.781689,
          24.614665
        ]
      },
      "properties": {
        "x_epsg3857": 5207713.76,
        "y_epsg3857": 2828488.66,
        "ndvi": 0.0514,
        "lst": 41.3,
        "population": 99
      }
    },
    {
      "type": "Feature",
      "geometry": {
        "type": "Point",
        "coordinates": [
          46.799864,
          24.614665
        ]
      },
      "properties": {
        "x_epsg3857": 5209737.06,
        "y_epsg3857": 2828488.66,
        "ndvi": 0.0853,
        "lst": 41,
        "population": 89
      }
    },
    {
      "type": "Feature",
      "geometry": {
        "type": "Point",
        "coordinates": [
          46.81804,
          24.614665
        ]
      },
      "properties": {
        "x_epsg3857": 5211760.36,
        "y_epsg3857": 2828488.66,
        "ndvi": 0.0988,
        "lst": 40.8,
        "population": 79
      }
    },
    {
      "type": "Feature",
      "geometry": {
        "type": "Point",
        "coordinates": [
          46.836216,
          24.614665
        ]
      },
      "properties": {
        "x_epsg3857": 5213783.67,
        "y_epsg3857": 2828488.66,
        "ndvi": 0.1003,
        "lst": 40.7,
        "population": 68
      }
    },
    {
      "type": "Feature",
      "geometry": {
        "type": "Point",
        "coordinates": [
          46.854391,
          24.614665
        ]
      },
      "properties": {
        "x_epsg3857": 5215806.97,
        "y_epsg3857": 2828488.66,
        "ndvi": 0.1939,
        "lst": 40,
        "population": 63
      }
    },
    {
      "type": "Feature",
      "geometry": {
        "type": "Point",
        "coordinates": [
          46.872567,
          24.614665
        ]
      },
      "properties": {
        "x_epsg3857": 5217830.28,
        "y_epsg3857": 2828488.66,
        "ndvi": 0.081,
        "lst": 40.5,
        "population": 54
      }
    },
    {
      "type": "Feature",
      "geometry": {
        "type": "Point",
        "coordinates": [
          46.890743,
          24.614665
        ]
      },
      "properties": {
        "x_epsg3857": 5219853.58,
        "y_epsg3857": 2828488.66,
        "ndvi": 0.194,
        "lst": 39.7,
        "population": 46
      }
    },
    {
      "type": "Feature",
      "geometry": {
        "type": "Point",
        "coordinates": [
          46.908918,
          24.614665
        ]
      },
      "properties": {
        "x_epsg3857": 5221876.88,
        "y_epsg3857": 2828488.66,
        "ndvi": 0.1002,
        "lst": 40.1,
        "population": 40
      }
    },
    {
      "type": "Feature",
      "geometry": {
        "type": "Point",
        "coordinates": [
          46.927094,
          24.614665
        ]
      },
      "properties": {
        "x_epsg3857": 5223900.19,
        "y_epsg3857": 2828488.66,
        "ndvi": 0.1589,
        "lst": 39.6,
        "population": 38
      }
    },
    {
      "type": "Feature",
      "geometry": {
        "type": "Point",
        "coordinates": [
          46.945269,
          24.614665
        ]
      },
      "properties": {
        "x_epsg3857": 5225923.49,
        "y_epsg3857": 2828488.66,
        "ndvi": 0.1453,
        "lst": 39.5,
        "population": 31
      }
    },
    {
      "type": "Feature",
      "geometry": {
        "type": "Point",
        "coordinates": [
          46.963445,
          24.614665
        ]
      },
      "properties": {
        "x_epsg3857": 5227946.79,
        "y_epsg3857": 2828488.66,
        "ndvi": 0.1115,
        "lst": 39.6,
        "population": 26
      }
    },
    {
      "type": "Feature",
      "geometry": {
        "type": "Point",
        "coordinates": [
          46.981621,
          24.614665
        ]
      },
      "properties": {
        "x_epsg3857": 5229970.1,
        "y_epsg3857": 2828488.66,
        "ndvi": 0.1869,
        "lst": 39,
        "population": 26
      }
    },
    {
      "type": "Feature",
      "geometry": {
        "type": "Point",
        "coordinates": [
          46.999796,
          24.614665
        ]
      },
      "properties": {
        "x_epsg3857": 5231993.4,
        "y_epsg3857": 2828488.66,
        "ndvi": 0.0827,
        "lst": 39.5,
        "population": 22
      }
    },
    {
      "type": "Feature",
      "geometry": {
        "type": "Point",
        "coordinates": [
          46.4,
          24.631178
        ]
      },
      "properties": {
        "x_epsg3857": 5165224.37,
        "y_epsg3857": 2830510.71,
        "ndvi": 0.1374,
        "lst": 37.7,
        "population": 21
      }
    },
    {
      "type": "Feature",
      "geometry": {
        "type": "Point",
        "coordinates": [
          46.418176,
          24.631178
        ]
      },
      "properties": {
        "x_epsg3857": 5167247.68,
        "y_epsg3857": 2830510.71,
        "ndvi": 0.1475,
        "lst": 37.8,
        "population": 25
      }
    },
    {
      "type": "Feature",
      "geometry": {
        "type": "Point",
        "coordinates": [
          46.436351,
          24.631178
        ]
      },
      "properties": {
        "x_epsg3857": 5169270.98,
        "y_epsg3857": 2830510.71,
        "ndvi": 0.1288,
        "lst": 38.1,
        "population": 30
      }
    },
    {
      "type": "Feature",
      "geometry": {
        "type": "Point",
        "coordinates": [
          46.454527,
          24.631178
        ]
      },
      "properties": {
        "x_epsg3857": 5171294.28,
        "y_epsg3857": 2830510.71,
        "ndvi": 0.1529,
        "lst": 38.1,
        "population": 35
      }
    },
    {
      "type": "Feature",
      "geometry": {
        "type": "Point",
        "coordinates": [
          46.472703,
          24.631178
        ]
      },
      "properties": {
        "x_epsg3857": 5173317.59,
        "y_epsg3857": 2830510.71,
        "ndvi": 0.1275,
        "lst": 38.4,
        "population": 35
      }
    },
    {
      "type": "Feature",
      "geometry": {
        "type": "Point",
        "coordinates": [
          46.490878,
          24.631178
        ]
      },
      "properties": {
        "x_epsg3857": 5175340.89,
        "y_epsg3857": 2830510.71,
        "ndvi": 0.1499,
        "lst": 38.4,
        "population": 41
      }
    },
    {
      "type": "Feature",
      "geometry": {
        "type": "Point",
        "coordinates": [
          46.509054,
          24.631178
        ]
      },
      "properties": {
        "x_epsg3857": 5177364.2,
        "y_epsg3857": 2830510.71,
        "ndvi": 0.1343,
        "lst": 38.6,
        "population": 46
      }
    },
    {
      "type": "Feature",
      "geometry": {
        "type": "Point",
        "coordinates": [
          46.52723,
          24.631178
        ]
      },
      "properties": {
        "x_epsg3857": 5179387.5,
        "y_epsg3857": 2830510.71,
        "ndvi": 0.1405,
        "lst": 38.7,
        "population": 57
      }
    },
    {
      "type": "Feature",
      "geometry": {
        "type": "Point",
        "coordinates": [
          46.545405,
          24.631178
        ]
      },
      "properties": {
        "x_epsg3857": 5181410.8,
        "y_epsg3857": 2830510.71,
        "ndvi": 0.1448,
        "lst": 38.9,
        "population": 66
      }
    },
    {
      "type": "Feature",
      "geometry": {
        "type": "Point",
        "coordinates": [
          46.563581,
          24.631178
        ]
      },
      "properties": {
        "x_epsg3857": 5183434.11,
        "y_epsg3857": 2830510.71,
        "ndvi": 0.1307,
        "lst": 39.1,
        "population": 72
      }
    },
    {
      "type": "Feature",
      "geometry": {
        "type": "Point",
        "coordinates": [
          46.581756,
          24.631178
        ]
      },
      "properties": {
        "x_epsg3857": 5185457.41,
        "y_epsg3857": 2830510.71,
        "ndvi": 0.0922,
        "lst": 39.5,
        "population": 82
      }
    },
    {
      "type": "Feature",
      "geometry": {
        "type": "Point",
        "coordinates": [
          46.599932,
          24.631178
        ]
      },
      "properties": {
        "x_epsg3857": 5187480.72,
        "y_epsg3857": 2830510.71,
        "ndvi": 0.067,
        "lst": 39.7,
        "population": 92
      }
    },
    {
      "type": "Feature",
      "geometry": {
        "type": "Point",
        "coordinates": [
          46.618108,
          24.631178
        ]
      },
      "properties": {
        "x_epsg3857": 5189504.02,
        "y_epsg3857": 2830510.71,
        "ndvi": 0.0916,
        "lst": 39.7,
        "population": 106
      }
    },
    {
      "type": "Feature",
      "geometry": {
        "type": "Point",
        "coordinates": [
          46.636283,
          24.631178
        ]
      },
      "properties": {
        "x_epsg3857": 5191527.32,
        "y_epsg3857": 2830510.71,
        "ndvi": 0.0717,
        "lst": 40,
        "population": 116
      }
    },
    {
      "type": "Feature",
      "geometry": {
        "type": "Point",
        "coordinates": [
          46.654459,
          24.631178
        ]
      },
      "properties": {
        "x_epsg3857": 5193550.63,
        "y_epsg3857": 2830510.71,
        "ndvi": 0.0835,
        "lst": 40,
        "population": 130
      }
    },
    {
      "type": "Feature",
      "geometry": {
        "type": "Point",
        "coordinates": [
          46.672635,
          24.631178
        ]
      },
      "properties": {
        "x_epsg3857": 5195573.93,
        "y_epsg3857": 2830510.71,
        "ndvi": 0.0819,
        "lst": 40.1,
        "population": 137
      }
    },
    {
      "type": "Feature",
      "geometry": {
        "type": "Point",
        "coordinates": [
          46.69081,
          24.631178
        ]
      },
      "properties": {
        "x_epsg3857": 5197597.24,
        "y_epsg3857": 2830510.71,
        "ndvi": 0.0731,
        "lst": 40.2,
        "population": 144
      }
    },
    {
      "type": "Feature",
      "geometry": {
        "type": "Point",
        "coordinates": [
          46.708986,
          24.631178
        ]
      },
      "properties": {
        "x_epsg3857": 5199620.54,
        "y_epsg3857": 2830510.71,
        "ndvi": 0.0908,
        "lst": 40.1,
        "population": 145
      }
    },
    {
      "type": "Feature",
      "geometry": {
        "type": "Point",
        "coordinates": [
          46.727162,
          24.631178
        ]
      },
      "properties": {
        "x_epsg3857": 5201643.84,
        "y_epsg3857": 2830510.71,
        "ndvi": 0.0672,
        "lst": 40.2,
        "population": 139
      }
    },
    {
      "type": "Feature",
      "geometry": {
        "type": "Point",
        "coordinates": [
          46.745337,
          24.631178
        ]
      },
      "properties": {
        "x_epsg3857": 5203667.15,
        "y_epsg3857": 2830510.71,
        "ndvi": 0.0927,
        "lst": 39.9,
        "population": 133
      }
    },
    {
      "type": "Feature",
      "geometry": {
        "type": "Point",
        "coordinates": [
          46.763513,
          24.631178
        ]
      },
      "properties": {
        "x_epsg3857": 5205690.45,
        "y_epsg3857": 2830510.71,
        "ndvi": 0.0696,
        "lst": 40,
        "population": 122
      }
    },
    {
      "type": "Feature",
      "geometry": {
        "type": "Point",
        "coordinates": [
          46.781689,
          24.631178
        ]
      },
      "properties": {
        "x_epsg3857": 5207713.76,
        "y_epsg3857": 2830510.71,
        "ndvi": 0.0863,
        "lst": 39.8,
        "population": 105
      }
    },
    {
      "type": "Feature",
      "geometry": {
        "type": "Point",
        "coordinates": [
          46.799864,
          24.631178
        ]
      },
      "properties": {
        "x_epsg3857": 5209737.06,
        "y_epsg3857": 2830510.71,
        "ndvi": 0.0788,
        "lst": 39.7,
        "population": 94
      }
    },
    {
      "type": "Feature",
      "geometry": {
        "type": "Point",
        "coordinates": [
          46.81804,
          24.631178
        ]
      },
      "properties": {
        "x_epsg3857": 5211760.36,
        "y_epsg3857": 2830510.71,
        "ndvi": 0.0758,
        "lst": 39.6,
        "population": 85
      }
    },
    {
      "type": "Feature",
      "geometry": {
        "type": "Point",
        "coordinates": [
          46.836216,
          24.631178
        ]
      },
      "properties": {
        "x_epsg3857": 5213783.67,
        "y_epsg3857": 2830510.71,
        "ndvi": 0.1488,
        "lst": 39,
        "population": 77
      }
    },
    {
      "type": "Feature",
      "geometry": {
        "type": "Point",
        "coordinates": [
          46.854391,
          24.631178
        ]
      },
      "properties": {
        "x_epsg3857": 5215806.97,
        "y_epsg3857": 2830510.71,
        "ndvi": 0.1281,
        "lst": 39,
        "population": 63
      }
    },
    {
      "type": "Feature",
      "geometry": {
        "type": "Point",
        "coordinates": [
          46.872567,
          24.631178
        ]
      },
      "properties": {
        "x_epsg3857": 5217830.28,
        "y_epsg3857": 2830510.71,
        "ndvi": 0.153,
        "lst": 38.7,
        "population": 57
      }
    },
    {
      "type": "Feature",
      "geometry": {
        "type": "Point",
        "coordinates": [
          46.890743,
          24.631178
        ]
      },
      "properties": {
        "x_epsg3857": 5219853.58,
        "y_epsg3857": 2830510.71,
        "ndvi": 0.1281,
        "lst": 38.7,
        "population": 49
      }
    },
    {
      "type": "Feature",
      "geometry": {
        "type": "Point",
        "coordinates": [
          46.908918,
          24.631178
        ]
      },
      "properties": {
        "x_epsg3857": 5221876.88,
        "y_epsg3857": 2830510.71,
        "ndvi": 0.1488,
        "lst": 38.4,
        "population": 42
      }
    },
    {
      "type": "Feature",
      "geometry": {
        "type": "Point",
        "coordinates": [
          46.927094,
          24.631178
        ]
      },
      "properties": {
        "x_epsg3857": 5223900.19,
        "y_epsg3857": 2830510.71,
        "ndvi": 0.1358,
        "lst": 38.3,
        "population": 39
      }
    },
    {
      "type": "Feature",
      "geometry": {
        "type": "Point",
        "coordinates": [
          46.945269,
          24.631178
        ]
      },
      "properties": {
        "x_epsg3857": 5225923.49,
        "y_epsg3857": 2830510.71,
        "ndvi": 0.1388,
        "lst": 38.2,
        "population": 33
      }
    },
    {
      "type": "Feature",
      "geometry": {
        "type": "Point",
        "coordinates": [
          46.963445,
          24.631178
        ]
      },
      "properties": {
        "x_epsg3857": 5227946.79,
        "y_epsg3857": 2830510.71,
        "ndvi": 0.1463,
        "lst": 38,
        "population": 27
      }
    },
    {
      "type": "Feature",
      "geometry": {
        "type": "Point",
        "coordinates": [
          46.981621,
          24.631178
        ]
      },
      "properties": {
        "x_epsg3857": 5229970.1,
        "y_epsg3857": 2830510.71,
        "ndvi": 0.1296,
        "lst": 37.9,
        "population": 23
      }
    },
    {
      "type": "Feature",
      "geometry": {
        "type": "Point",
        "coordinates": [
          46.999796,
          24.631178
        ]
      },
      "properties": {
        "x_epsg3857": 5231993.4,
        "y_epsg3857": 2830510.71,
        "ndvi": 0.1527,
        "lst": 37.6,
        "population": 24
      }
    },
    {
      "type": "Feature",
      "geometry": {
        "type": "Point",
        "coordinates": [
          46.4,
          24.647691
        ]
      },
      "properties": {
        "x_epsg3857": 5165224.37,
        "y_epsg3857": 2832533.04,
        "ndvi": 0.1324,
        "lst": 37.5,
        "population": 23
      }
    },
    {
      "type": "Feature",
      "geometry": {
        "type": "Point",
        "coordinates": [
          46.418176,
          24.647691
        ]
      },
      "properties": {
        "x_epsg3857": 5167247.68,
        "y_epsg3857": 2832533.04,
        "ndvi": 0.1621,
        "lst": 37.4,
        "population": 27
      }
    },
    {
      "type": "Feature",
      "geometry": {
        "type": "Point",
        "coordinates": [
          46.436351,
          24.647691
        ]
      },
      "properties": {
        "x_epsg3857": 5169270.98,
        "y_epsg3857": 2832533.04,
        "ndvi": 0.1071,
        "lst": 37.9,
        "population": 30
      }
    },
    {
      "type": "Feature",
      "geometry": {
        "type": "Point",
        "coordinates": [
          46.454527,
          24.647691
        ]
      },
      "properties": {
        "x_epsg3857": 5171294.28,
        "y_epsg3857": 2832533.04,
        "ndvi": 0.1781,
        "lst": 37.7,
        "population": 34
      }
    },
    {
      "type": "Feature",
      "geometry": {
        "type": "Point",
        "coordinates": [
          46.472703,
          24.647691
        ]
      },
      "properties": {
        "x_epsg3857": 5173317.59,
        "y_epsg3857": 2832533.04,
        "ndvi": 0.1032,
        "lst": 38.3,
        "population": 37
      }
    },
    {
      "type": "Feature",
      "geometry": {
        "type": "Point",
        "coordinates": [
          46.490878,
          24.647691
        ]
      },
      "properties": {
        "x_epsg3857": 5175340.89,
        "y_epsg3857": 2832533.04,
        "ndvi": 0.1693,
        "lst": 38,
        "population": 42
      }
    },
    {
      "type": "Feature",
      "geometry": {
        "type": "Point",
        "coordinates": [
          46.509054,
          24.647691
        ]
      },
      "properties": {
        "x_epsg3857": 5177364.2,
        "y_epsg3857": 2832533.04,
        "ndvi": 0.1232,
        "lst": 38.5,
        "population": 52
      }
    },
    {
      "type": "Feature",
      "geometry": {
        "type": "Point",
        "coordinates": [
          46.52723,
          24.647691
        ]
      },
      "properties": {
        "x_epsg3857": 5179387.5,
        "y_epsg3857": 2832533.04,
        "ndvi": 0.1414,
        "lst": 38.5,
        "population": 58
      }
    },
    {
      "type": "Feature",
      "geometry": {
        "type": "Point",
        "coordinates": [
          46.545405,
          24.647691
        ]
      },
      "properties": {
        "x_epsg3857": 5181410.8,
        "y_epsg3857": 2832533.04,
        "ndvi": 0.1542,
        "lst": 38.6,
        "population": 66
      }
    },
    {
      "type": "Feature",
      "geometry": {
        "type": "Point",
        "coordinates": [
          46.563581,
          24.647691
        ]
      },
      "properties": {
        "x_epsg3857": 5183434.11,
        "y_epsg3857": 2832533.04,
        "ndvi": 0.0526,
        "lst": 39.3,
        "population": 77
      }
    },
    {
      "type": "Feature",
      "geometry": {
        "type": "Point",
        "coordinates": [
          46.581756,
          24.647691
        ]
      },
      "properties": {
        "x_epsg3857": 5185457.41,
        "y_epsg3857": 2832533.04,
        "ndvi": 0.1159,
        "lst": 39.1,
        "population": 90
      }
    },
    {
      "type": "Feature",
      "geometry": {
        "type": "Point",
        "coordinates": [
          46.599932,
          24.647691
        ]
      },
      "properties": {
        "x_epsg3857": 5187480.72,
        "y_epsg3857": 2832533.04,
        "ndvi": 0.0416,
        "lst": 39.7,
        "population": 101
      }
    },
    {
      "type": "Feature",
      "geometry": {
        "type": "Point",
        "coordinates": [
          46.618108,
          24.647691
        ]
      },
      "properties": {
        "x_epsg3857": 5189504.02,
        "y_epsg3857": 2832533.04,
        "ndvi": 0.1143,
        "lst": 39.4,
        "population": 115
      }
    },
    {
      "type": "Feature",
      "geometry": {
        "type": "Point",
        "coordinates": [
          46.636283,
          24.647691
        ]
      },
      "properties": {
        "x_epsg3857": 5191527.32,
        "y_epsg3857": 2832533.04,
        "ndvi": 0.0556,
        "lst": 39.9,
        "population": 128
      }
    },
    {
      "type": "Feature",
      "geometry": {
        "type": "Point",
        "coordinates": [
          46.654459,
          24.647691
        ]
      },
      "properties": {
        "x_epsg3857": 5193550.63,
        "y_epsg3857": 2832533.04,
        "ndvi": 0.0903,
        "lst": 39.8,
        "population": 142
      }
    },
    {
      "type": "Feature",
      "geometry": {
        "type": "Point",
        "coordinates": [
          46.672635,
          24.647691
        ]
      },
      "properties": {
        "x_epsg3857": 5195573.93,
        "y_epsg3857": 2832533.04,
        "ndvi": 0.0855,
        "lst": 39.9,
        "population": 156
      }
    },
    {
      "type": "Feature",
      "geometry": {
        "type": "Point",
        "coordinates": [
          46.69081,
          24.647691
        ]
      },
      "properties": {
        "x_epsg3857": 5197597.24,
        "y_epsg3857": 2832533.04,
        "ndvi": 0.0596,
        "lst": 40.1,
        "population": 163
      }
    },
    {
      "type": "Feature",
      "geometry": {
        "type": "Point",
        "coordinates": [
          46.708986,
          24.647691
        ]
      },
      "properties": {
        "x_epsg3857": 5199620.54,
        "y_epsg3857": 2832533.04,
        "ndvi": 0.1118,
        "lst": 39.8,
        "population": 164
      }
    },
    {
      "type": "Feature",
      "geometry": {
        "type": "Point",
        "coordinates": [
          46.727162,
          24.647691
        ]
      },
      "properties": {
        "x_epsg3857": 5201643.84,
        "y_epsg3857": 2832533.04,
        "ndvi": 0.0422,
        "lst": 40.2,
        "population": 158
      }
    },
    {
      "type": "Feature",
      "geometry": {
        "type": "Point",
        "coordinates": [
          46.745337,
          24.647691
        ]
      },
      "properties": {
        "x_epsg3857": 5203667.15,
        "y_epsg3857": 2832533.04,
        "ndvi": 0.1174,
        "lst": 39.6,
        "population": 148
      }
    },
    {
      "type": "Feature",
      "geometry": {
        "type": "Point",
        "coordinates": [
          46.763513,
          24.647691
        ]
      },
      "properties": {
        "x_epsg3857": 5205690.45,
        "y_epsg3857": 2832533.04,
        "ndvi": 0.0494,
        "lst": 39.9,
        "population": 131
      }
    },
    {
      "type": "Feature",
      "geometry": {
        "type": "Point",
        "coordinates": [
          46.781689,
          24.647691
        ]
      },
      "properties": {
        "x_epsg3857": 5207713.76,
        "y_epsg3857": 2832533.04,
        "ndvi": 0.0986,
        "lst": 39.5,
        "population": 118
      }
    },
    {
      "type": "Feature",
      "geometry": {
        "type": "Point",
        "coordinates": [
          46.799864,
          24.647691
        ]
      },
      "properties": {
        "x_epsg3857": 5209737.06,
        "y_epsg3857": 2832533.04,
        "ndvi": 0.0765,
        "lst": 39.5,
        "population": 104
      }
    },
    {
      "type": "Feature",
      "geometry": {
        "type": "Point",
        "coordinates": [
          46.81804,
          24.647691
        ]
      },
      "properties": {
        "x_epsg3857": 5211760.36,
        "y_epsg3857": 2832533.04,
        "ndvi": 0.0678,
        "lst": 39.4,
        "population": 93
      }
    },
    {
      "type": "Feature",
      "geometry": {
        "type": "Point",
        "coordinates": [
          46.836216,
          24.647691
        ]
      },
      "properties": {
        "x_epsg3857": 5213783.67,
        "y_epsg3857": 2832533.04,
        "ndvi": 0.1059,
        "lst": 39,
        "population": 78
      }
    },
    {
      "type": "Feature",
      "geometry": {
        "type": "Point",
        "coordinates": [
          46.854391,
          24.647691
        ]
      },
      "properties": {
        "x_epsg3857": 5215806.97,
        "y_epsg3857": 2832533.04,
        "ndvi": 0.1049,
        "lst": 38.9,
        "population": 71
      }
    },
    {
      "type": "Feature",
      "geometry": {
        "type": "Point",
        "coordinates": [
          46.872567,
          24.647691
        ]
      },
      "properties": {
        "x_epsg3857": 5217830.28,
        "y_epsg3857": 2832533.04,
        "ndvi": 0.1784,
        "lst": 38.3,
        "population": 63
      }
    },
    {
      "type": "Feature",
      "geometry": {
        "type": "Point",
        "coordinates": [
          46.890743,
          24.647691
        ]
      },
      "properties": {
        "x_epsg3857": 5219853.58,
        "y_epsg3857": 2832533.04,
        "ndvi": 0.1048,
        "lst": 38.6,
        "population": 55
      }
    },
    {
      "type": "Feature",
      "geometry": {
        "type": "Point",
        "coordinates": [
          46.908918,
          24.647691
        ]
      },
      "properties": {
        "x_epsg3857": 5221876.88,
        "y_epsg3857": 2832533.04,
        "ndvi": 0.1659,
        "lst": 38,
        "population": 45
      }
    },
    {
      "type": "Feature",
      "geometry": {
        "type": "Point",
        "coordinates": [
          46.927094,
          24.647691
        ]
      },
      "properties": {
        "x_epsg3857": 5223900.19,
        "y_epsg3857": 2832533.04,
        "ndvi": 0.1277,
        "lst": 38.1,
        "population": 39
      }
    },
    {
      "type": "Feature",
      "geometry": {
        "type": "Point",
        "coordinates": [
          46.945269,
          24.647691
        ]
      },
      "properties": {
        "x_epsg3857": 5225923.49,
        "y_epsg3857": 2832533.04,
        "ndvi": 0.1366,
        "lst": 37.9,
        "population": 34
      }
    },
    {
      "type": "Feature",
      "geometry": {
        "type": "Point",
        "coordinates": [
          46.963445,
          24.647691
        ]
      },
      "properties": {
        "x_epsg3857": 5227946.79,
        "y_epsg3857": 2832533.04,
        "ndvi": 0.1586,
        "lst": 37.6,
        "population": 30
      }
    },
    {
      "type": "Feature",
      "geometry": {
        "type": "Point",
        "coordinates": [
          46.981621,
          24.647691
        ]
      },
      "properties": {
        "x_epsg3857": 5229970.1,
        "y_epsg3857": 2832533.04,
        "ndvi": 0.1094,
        "lst": 37.8,
        "population": 26
      }
    },
    {
      "type": "Feature",
      "geometry": {
        "type": "Point",
        "coordinates": [
          46.999796,
          24.647691
        ]
      },
      "properties": {
        "x_epsg3857": 5231993.4,
        "y_epsg3857": 2832533.04,
        "ndvi": 0.1774,
        "lst": 37.2,
        "population": 24
      }
    },
    {
      "type": "Feature",
      "geometry": {
        "type": "Point",
        "coordinates": [
          46.4,
          24.664204
        ]
      },
      "properties": {
        "x_epsg3857": 5165224.37,
        "y_epsg3857": 2834555.63,
        "ndvi": 0.1545,
        "lst": 38.7,
        "population": 23
      }
    },
    {
      "type": "Feature",
      "geometry": {
        "type": "Point",
        "coordinates": [
          46.418176,
          24.664204
        ]
      },
      "properties": {
        "x_epsg3857": 5167247.68,
        "y_epsg3857": 2834555.63,
        "ndvi": 0.0977,
        "lst": 39.2,
        "population": 26
      }
    },
    {
      "type": "Feature",
      "geometry": {
        "type": "Point",
        "coordinates": [
          46.436351,
          24.664204
        ]
      },
      "properties": {
        "x_epsg3857": 5169270.98,
        "y_epsg3857": 2834555.63,
        "ndvi": 0.203,
        "lst": 38.7,
        "population": 29
      }
    },
    {
      "type": "Feature",
      "geometry": {
        "type": "Point",
        "coordinates": [
          46.454527,
          24.664204
        ]
      },
      "properties": {
        "x_epsg3857": 5171294.28,
        "y_epsg3857": 2834555.63,
        "ndvi": 0.0671,
        "lst": 39.7,
        "population": 32
      }
    },
    {
      "type": "Feature",
      "geometry": {
        "type": "Point",
        "coordinates": [
          46.472703,
          24.664204
        ]
      },
      "properties": {
        "x_epsg3857": 5173317.59,
        "y_epsg3857": 2834555.63,
        "ndvi": 0.2105,
        "lst": 39,
        "population": 37
      }
    },
    {
      "type": "Feature",
      "geometry": {
        "type": "Point",
        "coordinates": [
          46.490878,
          24.664204
        ]
      },
      "properties": {
        "x_epsg3857": 5175340.89,
        "y_epsg3857": 2834555.63,
        "ndvi": 0.084,
        "lst": 39.9,
        "population": 43
      }
    },
    {
      "type": "Feature",
      "geometry": {
        "type": "Point",
        "coordinates": [
          46.509054,
          24.664204
        ]
      },
      "properties": {
        "x_epsg3857": 5177364.2,
        "y_epsg3857": 2834555.63,
        "ndvi": 0.1721,
        "lst": 39.5,
        "population": 51
      }
    },
    {
      "type": "Feature",
      "geometry": {
        "type": "Point",
        "coordinates": [
          46.52723,
          24.664204
        ]
      },
      "properties": {
        "x_epsg3857": 5179387.5,
        "y_epsg3857": 2834555.63,
        "ndvi": 0.1373,
        "lst": 39.9,
        "population": 60
      }
    },
    {
      "type": "Feature",
      "geometry": {
        "type": "Point",
        "coordinates": [
          46.545405,
          24.664204
        ]
      },
      "properties": {
        "x_epsg3857": 5181410.8,
        "y_epsg3857": 2834555.63,
        "ndvi": 0.1128,
        "lst": 40.2,
        "population": 71
      }
    },
    {
      "type": "Feature",
      "geometry": {
        "type": "Point",
        "coordinates": [
          46.563581,
          24.664204
        ]
      },
      "properties": {
        "x_epsg3857": 5183434.11,
        "y_epsg3857": 2834555.63,
        "ndvi": 0.1324,
        "lst": 40.2,
        "population": 80
      }
    },
    {
      "type": "Feature",
      "geometry": {
        "type": "Point",
        "coordinates": [
          46.581756,
          24.664204
        ]
      },
      "properties": {
        "x_epsg3857": 5185457.41,
        "y_epsg3857": 2834555.63,
        "ndvi": 0.0112,
        "lst": 41.1,
        "population": 90
      }
    },
    {
      "type": "Feature",
      "geometry": {
        "type": "Point",
        "coordinates": [
          46.599932,
          24.664204
        ]
      },
      "properties": {
        "x_epsg3857": 5187480.72,
        "y_epsg3857": 2834555.63,
        "ndvi": 0.1534,
        "lst": 40.4,
        "population": 105
      }
    },
    {
      "type": "Feature",
      "geometry": {
        "type": "Point",
        "coordinates": [
          46.618108,
          24.664204
        ]
      },
      "properties": {
        "x_epsg3857": 5189504.02,
        "y_epsg3857": 2834555.63,
        "ndvi": 0.0144,
        "lst": 41.4,
        "population": 122
      }
    },
    {
      "type": "Feature",
      "geometry": {
        "type": "Point",
        "coordinates": [
          46.636283,
          24.664204
        ]
      },
      "properties": {
        "x_epsg3857": 5191527.32,
        "y_epsg3857": 2834555.63,
        "ndvi": 0.1266,
        "lst": 40.9,
        "population": 138
      }
    },
    {
      "type": "Feature",
      "geometry": {
        "type": "Point",
        "coordinates": [
          46.654459,
          24.664204
        ]
      },
      "properties": {
        "x_epsg3857": 5193550.63,
        "y_epsg3857": 2834555.63,
        "ndvi": 0.0603,
        "lst": 41.4,
        "population": 158
      }
    },
    {
      "type": "Feature",
      "geometry": {
        "type": "Point",
        "coordinates": [
          46.672635,
          24.664204
        ]
      },
      "properties": {
        "x_epsg3857": 5195573.93,
        "y_epsg3857": 2834555.63,
        "ndvi": 0.0694,
        "lst": 41.4,
        "population": 177
      }
    },
    {
      "type": "Feature",
      "geometry": {
        "type": "Point",
        "coordinates": [
          46.69081,
          24.664204
        ]
      },
      "properties": {
        "x_epsg3857": 5197597.24,
        "y_epsg3857": 2834555.63,
        "ndvi": 0.119,
        "lst": 41.2,
        "population": 189
      }
    },
    {
      "type": "Feature",
      "geometry": {
        "type": "Point",
        "coordinates": [
          46.708986,
          24.664204
        ]
      },
      "properties": {
        "x_epsg3857": 5199620.54,
        "y_epsg3857": 2834555.63,
        "ndvi": 0.0192,
        "lst": 41.8,
        "population": 191
      }
    },
    {
      "type": "Feature",
      "geometry": {
        "type": "Point",
        "coordinates": [
          46.727162,
          24.664204
        ]
      },
      "properties": {
        "x_epsg3857": 5201643.84,
        "y_epsg3857": 2834555.63,
        "ndvi": 0.1523,
        "lst": 41,
        "population": 178
      }
    },
    {
      "type": "Feature",
      "geometry": {
        "type": "Point",
        "coordinates": [
          46.745337,
          24.664204
        ]
      },
      "properties": {
        "x_epsg3857": 5203667.15,
        "y_epsg3857": 2834555.63,
        "ndvi": 0.01,
        "lst": 41.7,
        "population": 163
      }
    },
    {
      "type": "Feature",
      "geometry": {
        "type": "Point",
        "coordinates": [
          46.763513,
          24.664204
        ]
      },
      "properties": {
        "x_epsg3857": 5205690.45,
        "y_epsg3857": 2834555.63,
        "ndvi": 0.1386,
        "lst": 40.8,
        "population": 142
      }
    },
    {
      "type": "Feature",
      "geometry": {
        "type": "Point",
        "coordinates": [
          46.781689,
          24.664204
        ]
      },
      "properties": {
        "x_epsg3857": 5207713.76,
        "y_epsg3857": 2834555.63,
        "ndvi": 0.0444,
        "lst": 41.2,
        "population": 126
      }
    },
    {
      "type": "Feature",
      "geometry": {
        "type": "Point",
        "coordinates": [
          46.799864,
          24.664204
        ]
      },
      "properties": {
        "x_epsg3857": 5209737.06,
        "y_epsg3857": 2834555.63,
        "ndvi": 0.0867,
        "lst": 40.8,
        "population": 113
      }
    },
    {
      "type": "Feature",
      "geometry": {
        "type": "Point",
        "coordinates": [
          46.81804,
          24.664204
        ]
      },
      "properties": {
        "x_epsg3857": 5211760.36,
        "y_epsg3857": 2834555.63,
        "ndvi": 0.1034,
        "lst": 40.6,
        "population": 99
      }
    },
    {
      "type": "Feature",
      "geometry": {
        "type": "Point",
        "coordinates": [
          46.836216,
          24.664204
        ]
      },
      "properties": {
        "x_epsg3857": 5213783.67,
        "y_epsg3857": 2834555.63,
        "ndvi": 0.0304,
        "lst": 40.8,
        "population": 83
      }
    },
    {
      "type": "Feature",
      "geometry": {
        "type": "Point",
        "coordinates": [
          46.854391,
          24.664204
        ]
      },
      "properties": {
        "x_epsg3857": 5215806.97,
        "y_epsg3857": 2834555.63,
        "ndvi": 0.2073,
        "lst": 39.6,
        "population": 74
      }
    },
    {
      "type": "Feature",
      "geometry": {
        "type": "Point",
        "coordinates": [
          46.872567,
          24.664204
        ]
      },
      "properties": {
        "x_epsg3857": 5217830.28,
        "y_epsg3857": 2834555.63,
        "ndvi": 0.0665,
        "lst": 40.3,
        "population": 63
      }
    },
    {
      "type": "Feature",
      "geometry": {
        "type": "Point",
        "coordinates": [
          46.890743,
          24.664204
        ]
      },
      "properties": {
        "x_epsg3857": 5219853.58,
        "y_epsg3857": 2834555.63,
        "ndvi": 0.2073,
        "lst": 39.3,
        "population": 53
      }
    },
    {
      "type": "Feature",
      "geometry": {
        "type": "Point",
        "coordinates": [
          46.908918,
          24.664204
        ]
      },
      "properties": {
        "x_epsg3857": 5221876.88,
        "y_epsg3857": 2834555.63,
        "ndvi": 0.0904,
        "lst": 39.9,
        "population": 45
      }
    },
    {
      "type": "Feature",
      "geometry": {
        "type": "Point",
        "coordinates": [
          46.927094,
          24.664204
        ]
      },
      "properties": {
        "x_epsg3857": 5223900.19,
        "y_epsg3857": 2834555.63,
        "ndvi": 0.1635,
        "lst": 39.3,
        "population": 43
      }
    },
    {
      "type": "Feature",
      "geometry": {
        "type": "Point",
        "coordinates": [
          46.945269,
          24.664204
        ]
      },
      "properties": {
        "x_epsg3857": 5225923.49,
        "y_epsg3857": 2834555.63,
        "ndvi": 0.1466,
        "lst": 39.2,
        "population": 36
      }
    },
    {
      "type": "Feature",
      "geometry": {
        "type": "Point",
        "coordinates": [
          46.963445,
          24.664204
        ]
      },
      "properties": {
        "x_epsg3857": 5227946.79,
        "y_epsg3857": 2834555.63,
        "ndvi": 0.1044,
        "lst": 39.3,
        "population": 31
      }
    },
    {
      "type": "Feature",
      "geometry": {
        "type": "Point",
        "coordinates": [
          46.981621,
          24.664204
        ]
      },
      "properties": {
        "x_epsg3857": 5229970.1,
        "y_epsg3857": 2834555.63,
        "ndvi": 0.1985,
        "lst": 38.6,
        "population": 25
      }
    },
    {
      "type": "Feature",
      "geometry": {
        "type": "Point",
        "coordinates": [
          46.999796,
          24.664204
        ]
      },
      "properties": {
        "x_epsg3857": 5231993.4,
        "y_epsg3857": 2834555.63,
        "ndvi": 0.0685,
        "lst": 39.2,
        "population": 25
      }
    },
    {
      "type": "Feature",
      "geometry": {
        "type": "Point",
        "coordinates": [
          46.4,
          24.680716
        ]
      },
      "properties": {
        "x_epsg3857": 5165224.37,
        "y_epsg3857": 2836578.48,
        "ndvi": 0.1248,
        "lst": 39.8,
        "population": 25
      }
    },
    {
      "type": "Feature",
      "geometry": {
        "type": "Point",
        "coordinates": [
          46.418176,
          24.680716
        ]
      },
      "properties": {
        "x_epsg3857": 5167247.68,
        "y_epsg3857": 2836578.48,
        "ndvi": 0.1845,
        "lst": 39.6,
        "population": 24
      }
    },
    {
      "type": "Feature",
      "geometry": {
        "type": "Point",
        "coordinates": [
          46.436351,
          24.680716
        ]
      },
      "properties": {
        "x_epsg3857": 5169270.98,
        "y_epsg3857": 2836578.48,
        "ndvi": 0.0738,
        "lst": 40.4,
        "population": 28
      }
    },
    {
      "type": "Feature",
      "geometry": {
        "type": "Point",
        "coordinates": [
          46.454527,
          24.680716
        ]
      },
      "properties": {
        "x_epsg3857": 5171294.28,
        "y_epsg3857": 2836578.48,
        "ndvi": 0.2167,
        "lst": 39.7,
        "population": 33
      }
    },
    {
      "type": "Feature",
      "geometry": {
        "type": "Point",
        "coordinates": [
          46.472703,
          24.680716
        ]
      },
      "properties": {
        "x_epsg3857": 5173317.59,
        "y_epsg3857": 2836578.48,
        "ndvi": 0.0659,
        "lst": 40.8,
        "population": 42
      }
    },
    {
      "type": "Feature",
      "geometry": {
        "type": "Point",
        "coordinates": [
          46.490878,
          24.680716
        ]
      },
      "properties": {
        "x_epsg3857": 5175340.89,
        "y_epsg3857": 2836578.48,
        "ndvi": 0.1989,
        "lst": 40.2,
        "population": 45
      }
    },
    {
      "type": "Feature",
      "geometry": {
        "type": "Point",
        "coordinates": [
          46.509054,
          24.680716
        ]
      },
      "properties": {
        "x_epsg3857": 5177364.2,
        "y_epsg3857": 2836578.48,
        "ndvi": 0.1063,
        "lst": 40.9,
        "population": 54
      }
    },
    {
      "type": "Feature",
      "geometry": {
        "type": "Point",
        "coordinates": [
          46.52723,
          24.680716
        ]
      },
      "properties": {
        "x_epsg3857": 5179387.5,
        "y_epsg3857": 2836578.48,
        "ndvi": 0.1428,
        "lst": 40.8,
        "population": 63
      }
    },
    {
      "type": "Feature",
      "geometry": {
        "type": "Point",
        "coordinates": [
          46.545405,
          24.680716
        ]
      },
      "properties": {
        "x_epsg3857": 5181410.8,
        "y_epsg3857": 2836578.48,
        "ndvi": 0.1686,
        "lst": 40.8,
        "population": 69
      }
    },
    {
      "type": "Feature",
      "geometry": {
        "type": "Point",
        "coordinates": [
          46.563581,
          24.680716
        ]
      },
      "properties": {
        "x_epsg3857": 5183434.11,
        "y_epsg3857": 2836578.48,
        "ndvi": 0.0248,
        "lst": 41.8,
        "population": 82
      }
    },
    {
      "type": "Feature",
      "geometry": {
        "type": "Point",
        "coordinates": [
          46.581756,
          24.680716
        ]
      },
      "properties": {
        "x_epsg3857": 5185457.41,
        "y_epsg3857": 2836578.48,
        "ndvi": 0.1523,
        "lst": 41.2,
        "population": 95
      }
    },
    {
      "type": "Feature",
      "geometry": {
        "type": "Point",
        "coordinates": [
          46.599932,
          24.680716
        ]
      },
      "properties": {
        "x_epsg3857": 5187480.72,
        "y_epsg3857": 2836578.48,
        "ndvi": 0.01,
        "lst": 42.2,
        "population": 113
      }
    },
    {
      "type": "Feature",
      "geometry": {
        "type": "Point",
        "coordinates": [
          46.618108,
          24.680716
        ]
      },
      "properties": {
        "x_epsg3857": 5189504.02,
        "y_epsg3857": 2836578.48,
        "ndvi": 0.149,
        "lst": 41.6,
        "population": 128
      }
    },
    {
      "type": "Feature",
      "geometry": {
        "type": "Point",
        "coordinates": [
          46.636283,
          24.680716
        ]
      },
      "properties": {
        "x_epsg3857": 5191527.32,
        "y_epsg3857": 2836578.48,
        "ndvi": 0.031,
        "lst": 42.4,
        "population": 147
      }
    },
    {
      "type": "Feature",
      "geometry": {
        "type": "Point",
        "coordinates": [
          46.654459,
          24.680716
        ]
      },
      "properties": {
        "x_epsg3857": 5193550.63,
        "y_epsg3857": 2836578.48,
        "ndvi": 0.1007,
        "lst": 42.2,
        "population": 170
      }
    },
    {
      "type": "Feature",
      "geometry": {
        "type": "Point",
        "coordinates": [
          46.672635,
          24.680716
        ]
      },
      "properties": {
        "x_epsg3857": 5195573.93,
        "y_epsg3857": 2836578.48,
        "ndvi": 0.0911,
        "lst": 42.4,
        "population": 195
      }
    },
    {
      "type": "Feature",
      "geometry": {
        "type": "Point",
        "coordinates": [
          46.69081,
          24.680716
        ]
      },
      "properties": {
        "x_epsg3857": 5197597.24,
        "y_epsg3857": 2836578.48,
        "ndvi": 0.039,
        "lst": 42.8,
        "population": 215
      }
    },
    {
      "type": "Feature",
      "geometry": {
        "type": "Point",
        "coordinates": [
          46.708986,
          24.680716
        ]
      },
      "properties": {
        "x_epsg3857": 5199620.54,
        "y_epsg3857": 2836578.48,
        "ndvi": 0.144,
        "lst": 42.1,
        "population": 216
      }
    },
    {
      "type": "Feature",
      "geometry": {
        "type": "Point",
        "coordinates": [
          46.727162,
          24.680716
        ]
      },
      "properties": {
        "x_epsg3857": 5201643.84,
        "y_epsg3857": 2836578.48,
        "ndvi": 0.01,
        "lst": 42.8,
        "population": 197
      }
    },
    {
      "type": "Feature",
      "geometry": {
        "type": "Point",
        "coordinates": [
          46.745337,
          24.680716
        ]
      },
      "properties": {
        "x_epsg3857": 5203667.15,
        "y_epsg3857": 2836578.48,
        "ndvi": 0.1552,
        "lst": 41.8,
        "population": 173
      }
    },
    {
      "type": "Feature",
      "geometry": {
        "type": "Point",
        "coordinates": [
          46.763513,
          24.680716
        ]
      },
      "properties": {
        "x_epsg3857": 5205690.45,
        "y_epsg3857": 2836578.48,
        "ndvi": 0.0184,
        "lst": 42.5,
        "population": 151
      }
    },
    {
      "type": "Feature",
      "geometry": {
        "type": "Point",
        "coordinates": [
          46.781689,
          24.680716
        ]
      },
      "properties": {
        "x_epsg3857": 5207713.76,
        "y_epsg3857": 2836578.48,
        "ndvi": 0.1175,
        "lst": 41.8,
        "population": 132
      }
    },
    {
      "type": "Feature",
      "geometry": {
        "type": "Point",
        "coordinates": [
          46.799864,
          24.680716
        ]
      },
      "properties": {
        "x_epsg3857": 5209737.06,
        "y_epsg3857": 2836578.48,
        "ndvi": 0.073,
        "lst": 41.9,
        "population": 118
      }
    },
    {
      "type": "Feature",
      "geometry": {
        "type": "Point",
        "coordinates": [
          46.81804,
          24.680716
        ]
      },
      "properties": {
        "x_epsg3857": 5211760.36,
        "y_epsg3857": 2836578.48,
        "ndvi": 0.0554,
        "lst": 41.8,
        "population": 102
      }
    },
    {
      "type": "Feature",
      "geometry": {
        "type": "Point",
        "coordinates": [
          46.836216,
          24.680716
        ]
      },
      "properties": {
        "x_epsg3857": 5213783.67,
        "y_epsg3857": 2836578.48,
        "ndvi": 0.1321,
        "lst": 41.2,
        "population": 86
      }
    },
    {
      "type": "Feature",
      "geometry": {
        "type": "Point",
        "coordinates": [
          46.854391,
          24.680716
        ]
      },
      "properties": {
        "x_epsg3857": 5215806.97,
        "y_epsg3857": 2836578.48,
        "ndvi": 0.0693,
        "lst": 41.4,
        "population": 78
      }
    },
    {
      "type": "Feature",
      "geometry": {
        "type": "Point",
        "coordinates": [
          46.872567,
          24.680716
        ]
      },
      "properties": {
        "x_epsg3857": 5217830.28,
        "y_epsg3857": 2836578.48,
        "ndvi": 0.2173,
        "lst": 40.4,
        "population": 64
      }
    },
    {
      "type": "Feature",
      "geometry": {
        "type": "Point",
        "coordinates": [
          46.890743,
          24.680716
        ]
      },
      "properties": {
        "x_epsg3857": 5219853.58,
        "y_epsg3857": 2836578.48,
        "ndvi": 0.0692,
        "lst": 41.1,
        "population": 55
      }
    },
    {
      "type": "Feature",
      "geometry": {
        "type": "Point",
        "coordinates": [
          46.908918,
          24.680716
        ]
      },
      "properties": {
        "x_epsg3857": 5221876.88,
        "y_epsg3857": 2836578.48,
        "ndvi": 0.1922,
        "lst": 40.2,
        "population": 51
      }
    },
    {
      "type": "Feature",
      "geometry": {
        "type": "Point",
        "coordinates": [
          46.927094,
          24.680716
        ]
      },
      "properties": {
        "x_epsg3857": 5223900.19,
        "y_epsg3857": 2836578.48,
        "ndvi": 0.1153,
        "lst": 40.5,
        "population": 41
      }
    },
    {
      "type": "Feature",
      "geometry": {
        "type": "Point",
        "coordinates": [
          46.945269,
          24.680716
        ]
      },
      "properties": {
        "x_epsg3857": 5225923.49,
        "y_epsg3857": 2836578.48,
        "ndvi": 0.1331,
        "lst": 40.2,
        "population": 39
      }
    },
    {
      "type": "Feature",
      "geometry": {
        "type": "Point",
        "coordinates": [
          46.963445,
          24.680716
        ]
      },
      "properties": {
        "x_epsg3857": 5227946.79,
        "y_epsg3857": 2836578.48,
        "ndvi": 0.1774,
        "lst": 39.8,
        "population": 34
      }
    },
    {
      "type": "Feature",
      "geometry": {
        "type": "Point",
        "coordinates": [
          46.981621,
          24.680716
        ]
      },
      "properties": {
        "x_epsg3857": 5229970.1,
        "y_epsg3857": 2836578.48,
        "ndvi": 0.0785,
        "lst": 40.3,
        "population": 28
      }
    },
    {
      "type": "Feature",
      "geometry": {
        "type": "Point",
        "coordinates": [
          46.999796,
          24.680716
        ]
      },
      "properties": {
        "x_epsg3857": 5231993.4,
        "y_epsg3857": 2836578.48,
        "ndvi": 0.2152,
        "lst": 39.3,
        "population": 23
      }
    },
    {
      "type": "Feature",
      "geometry": {
        "type": "Point",
        "coordinates": [
          46.4,
          24.697229
        ]
      },
      "properties": {
        "x_epsg3857": 5165224.37,
        "y_epsg3857": 2838601.61,
        "ndvi": 0.1495,
        "lst": 38.8,
        "population": 25
      }
    },
    {
      "type": "Feature",
      "geometry": {
        "type": "Point",
        "coordinates": [
          46.418176,
          24.697229
        ]
      },
      "properties": {
        "x_epsg3857": 5167247.68,
        "y_epsg3857": 2838601.61,
        "ndvi": 0.1122,
        "lst": 39.2,
        "population": 25
      }
    },
    {
      "type": "Feature",
      "geometry": {
        "type": "Point",
        "coordinates": [
          46.436351,
          24.697229
        ]
      },
      "properties": {
        "x_epsg3857": 5169270.98,
        "y_epsg3857": 2838601.61,
        "ndvi": 0.1813,
        "lst": 38.9,
        "population": 29
      }
    },
    {
      "type": "Feature",
      "geometry": {
        "type": "Point",
        "coordinates": [
          46.454527,
          24.697229
        ]
      },
      "properties": {
        "x_epsg3857": 5171294.28,
        "y_epsg3857": 2838601.61,
        "ndvi": 0.0922,
        "lst": 39.6,
        "population": 34
      }
    },
    {
      "type": "Feature",
      "geometry": {
        "type": "Point",
        "coordinates": [
          46.472703,
          24.697229
        ]
      },
      "properties": {
        "x_epsg3857": 5173317.59,
        "y_epsg3857": 2838601.61,
        "ndvi": 0.1862,
        "lst": 39.2,
        "population": 41
      }
    },
    {
      "type": "Feature",
      "geometry": {
        "type": "Point",
        "coordinates": [
          46.490878,
          24.697229
        ]
      },
      "properties": {
        "x_epsg3857": 5175340.89,
        "y_epsg3857": 2838601.61,
        "ndvi": 0.1033,
        "lst": 39.9,
        "population": 46
      }
    },
    {
      "type": "Feature",
      "geometry": {
        "type": "Point",
        "coordinates": [
          46.509054,
          24.697229
        ]
      },
      "properties": {
        "x_epsg3857": 5177364.2,
        "y_epsg3857": 2838601.61,
        "ndvi": 0.161,
        "lst": 39.7,
        "population": 54
      }
    },
    {
      "type": "Feature",
      "geometry": {
        "type": "Point",
        "coordinates": [
          46.52723,
          24.697229
        ]
      },
      "properties": {
        "x_epsg3857": 5179387.5,
        "y_epsg3857": 2838601.61,
        "ndvi": 0.1382,
        "lst": 40,
        "population": 62
      }
    },
    {
      "type": "Feature",
      "geometry": {
        "type": "Point",
        "coordinates": [
          46.545405,
          24.697229
        ]
      },
      "properties": {
        "x_epsg3857": 5181410.8,
        "y_epsg3857": 2838601.61,
        "ndvi": 0.1222,
        "lst": 40.2,
        "population": 72
      }
    },
    {
      "type": "Feature",
      "geometry": {
        "type": "Point",
        "coordinates": [
          46.563581,
          24.697229
        ]
      },
      "properties": {
        "x_epsg3857": 5183434.11,
        "y_epsg3857": 2838601.61,
        "ndvi": 0.1144,
        "lst": 40.5,
        "population": 82
      }
    },
    {
      "type": "Feature",
      "geometry": {
        "type": "Point",
        "coordinates": [
          46.581756,
          24.697229
        ]
      },
      "properties": {
        "x_epsg3857": 5185457.41,
        "y_epsg3857": 2838601.61,
        "ndvi": 0.0349,
        "lst": 41.1,
        "population": 98
      }
    },
    {
      "type": "Feature",
      "geometry": {
        "type": "Point",
        "coordinates": [
          46.599932,
          24.697229
        ]
      },
      "properties": {
        "x_epsg3857": 5187480.72,
        "y_epsg3857": 2838601.61,
        "ndvi": 0.1281,
        "lst": 40.7,
        "population": 111
      }
    },
    {
      "type": "Feature",
      "geometry": {
        "type": "Point",
        "coordinates": [
          46.618108,
          24.697229
        ]
      },
      "properties": {
        "x_epsg3857": 5189504.02,
        "y_epsg3857": 2838601.61,
        "ndvi": 0.037,
        "lst": 41.4,
        "population": 131
      }
    },
    {
      "type": "Feature",
      "geometry": {
        "type": "Point",
        "coordinates": [
          46.636283,
          24.697229
        ]
      },
      "properties": {
        "x_epsg3857": 5191527.32,
        "y_epsg3857": 2838601.61,
        "ndvi": 0.1105,
        "lst": 41.1,
        "population": 152
      }
    },
    {
      "type": "Feature",
      "geometry": {
        "type": "Point",
        "coordinates": [
          46.654459,
          24.697229
        ]
      },
      "properties": {
        "x_epsg3857": 5193550.63,
        "y_epsg3857": 2838601.61,
        "ndvi": 0.0671,
        "lst": 41.5,
        "population": 176
      }
    },
    {
      "type": "Feature",
      "geometry": {
        "type": "Point",
        "coordinates": [
          46.672635,
          24.697229
        ]
      },
      "properties": {
        "x_epsg3857": 5195573.93,
        "y_epsg3857": 2838601.61,
        "ndvi": 0.0731,
        "lst": 41.7,
        "population": 206
      }
    },
    {
      "type": "Feature",
      "geometry": {
        "type": "Point",
        "coordinates": [
          46.69081,
          24.697229
        ]
      },
      "properties": {
        "x_epsg3857": 5197597.24,
        "y_epsg3857": 2838601.61,
        "ndvi": 0.1056,
        "lst": 41.6,
        "population": 236
      }
    },
    {
      "type": "Feature",
      "geometry": {
        "type": "Point",
        "coordinates": [
          46.708986,
          24.697229
        ]
      },
      "properties": {
        "x_epsg3857": 5199620.54,
        "y_epsg3857": 2838601.61,
        "ndvi": 0.0401,
        "lst": 42,
        "population": 241
      }
    },
    {
      "type": "Feature",
      "geometry": {
        "type": "Point",
        "coordinates": [
          46.727162,
          24.697229
        ]
      },
      "properties": {
        "x_epsg3857": 5201643.84,
        "y_epsg3857": 2838601.61,
        "ndvi": 0.1274,
        "lst": 41.3,
        "population": 207
      }
    },
    {
      "type": "Feature",
      "geometry": {
        "type": "Point",
        "coordinates": [
          46.745337,
          24.697229
        ]
      },
      "properties": {
        "x_epsg3857": 5203667.15,
        "y_epsg3857": 2838601.61,
        "ndvi": 0.0331,
        "lst": 41.7,
        "population": 180
      }
    },
    {
      "type": "Feature",
      "geometry": {
        "type": "Point",
        "coordinates": [
          46.763513,
          24.697229
        ]
      },
      "properties": {
        "x_epsg3857": 5205690.45,
        "y_epsg3857": 2838601.61,
        "ndvi": 0.1184,
        "lst": 41.1,
        "population": 158
      }
    },
    {
      "type": "Feature",
      "geometry": {
        "type": "Point",
        "coordinates": [
          46.781689,
          24.697229
        ]
      },
      "properties": {
        "x_epsg3857": 5207713.76,
        "y_epsg3857": 2838601.61,
        "ndvi": 0.0566,
        "lst": 41.3,
        "population": 136
      }
    },
    {
      "type": "Feature",
      "geometry": {
        "type": "Point",
        "coordinates": [
          46.799864,
          24.697229
        ]
      },
      "properties": {
        "x_epsg3857": 5209737.06,
        "y_epsg3857": 2838601.61,
        "ndvi": 0.0844,
        "lst": 41,
        "population": 123
      }
    },
    {
      "type": "Feature",
      "geometry": {
        "type": "Point",
        "coordinates": [
          46.81804,
          24.697229
        ]
      },
      "properties": {
        "x_epsg3857": 5211760.36,
        "y_epsg3857": 2838601.61,
        "ndvi": 0.0954,
        "lst": 40.7,
        "population": 104
      }
    },
    {
      "type": "Feature",
      "geometry": {
        "type": "Point",
        "coordinates": [
          46.836216,
          24.697229
        ]
      },
      "properties": {
        "x_epsg3857": 5213783.67,
        "y_epsg3857": 2838601.61,
        "ndvi": 0.0475,
        "lst": 40.9,
        "population": 91
      }
    },
    {
      "type": "Feature",
      "geometry": {
        "type": "Point",
        "coordinates": [
          46.854391,
          24.697229
        ]
      },
      "properties": {
        "x_epsg3857": 5215806.97,
        "y_epsg3857": 2838601.61,
        "ndvi": 0.1841,
        "lst": 39.9,
        "population": 80
      }
    },
    {
      "type": "Feature",
      "geometry": {
        "type": "Point",
        "coordinates": [
          46.872567,
          24.697229
        ]
      },
      "properties": {
        "x_epsg3857": 5217830.28,
        "y_epsg3857": 2838601.61,
        "ndvi": 0.0918,
        "lst": 40.3,
        "population": 68
      }
    },
    {
      "type": "Feature",
      "geometry": {
        "type": "Point",
        "coordinates": [
          46.890743,
          24.697229
        ]
      },
      "properties": {
        "x_epsg3857": 5219853.58,
        "y_epsg3857": 2838601.61,
        "ndvi": 0.1841,
        "lst": 39.6,
        "population": 58
      }
    },
    {
      "type": "Feature",
      "geometry": {
        "type": "Point",
        "coordinates": [
          46.908918,
          24.697229
        ]
      },
      "properties": {
        "x_epsg3857": 5221876.88,
        "y_epsg3857": 2838601.61,
        "ndvi": 0.1075,
        "lst": 39.9,
        "population": 50
      }
    },
    {
      "type": "Feature",
      "geometry": {
        "type": "Point",
        "coordinates": [
          46.927094,
          24.697229
        ]
      },
      "properties": {
        "x_epsg3857": 5223900.19,
        "y_epsg3857": 2838601.61,
        "ndvi": 0.1554,
        "lst": 39.4,
        "population": 44
      }
    },
    {
      "type": "Feature",
      "geometry": {
        "type": "Point",
        "coordinates": [
          46.945269,
          24.697229
        ]
      },
      "properties": {
        "x_epsg3857": 5225923.49,
        "y_epsg3857": 2838601.61,
        "ndvi": 0.1443,
        "lst": 39.3,
        "population": 38
      }
    },
    {
      "type": "Feature",
      "geometry": {
        "type": "Point",
        "coordinates": [
          46.963445,
          24.697229
        ]
      },
      "properties": {
        "x_epsg3857": 5227946.79,
        "y_epsg3857": 2838601.61,
        "ndvi": 0.1167,
        "lst": 39.3,
        "population": 32
      }
    },
    {
      "type": "Feature",
      "geometry": {
        "type": "Point",
        "coordinates": [
          46.981621,
          24.697229
        ]
      },
      "properties": {
        "x_epsg3857": 5229970.1,
        "y_epsg3857": 2838601.61,
        "ndvi": 0.1783,
        "lst": 38.8,
        "population": 25
      }
    },
    {
      "type": "Feature",
      "geometry": {
        "type": "Point",
        "coordinates": [
          46.999796,
          24.697229
        ]
      },
      "properties": {
        "x_epsg3857": 5231993.4,
        "y_epsg3857": 2838601.61,
        "ndvi": 0.0931,
        "lst": 39.2,
        "population": 26
      }
    },
    {
      "type": "Feature",
      "geometry": {
        "type": "Point",
        "coordinates": [
          46.4,
          24.713742
        ]
      },
      "properties": {
        "x_epsg3857": 5165224.37,
        "y_epsg3857": 2840625,
        "ndvi": 0.1403,
        "lst": 37.5,
        "population": 24
      }
    },
    {
      "type": "Feature",
      "geometry": {
        "type": "Point",
        "coordinates": [
          46.418176,
          24.713742
        ]
      },
      "properties": {
        "x_epsg3857": 5167247.68,
        "y_epsg3857": 2840625,
        "ndvi": 0.1392,
        "lst": 37.7,
        "population": 27
      }
    },
    {
      "type": "Feature",
      "geometry": {
        "type": "Point",
        "coordinates": [
          46.436351,
          24.713742
        ]
      },
      "properties": {
        "x_epsg3857": 5169270.98,
        "y_epsg3857": 2840625,
        "ndvi": 0.1412,
        "lst": 37.8,
        "population": 31
      }
    },
    {
      "type": "Feature",
      "geometry": {
        "type": "Point",
        "coordinates": [
          46.454527,
          24.713742
        ]
      },
      "properties": {
        "x_epsg3857": 5171294.28,
        "y_epsg3857": 2840625,
        "ndvi": 0.1386,
        "lst": 38,
        "population": 37
      }
    },
    {
      "type": "Feature",
      "geometry": {
        "type": "Point",
        "coordinates": [
          46.472703,
          24.713742
        ]
      },
      "properties": {
        "x_epsg3857": 5173317.59,
        "y_epsg3857": 2840625,
        "ndvi": 0.1414,
        "lst": 38.1,
        "population": 39
      }
    },
    {
      "type": "Feature",
      "geometry": {
        "type": "Point",
        "coordinates": [
          46.490878,
          24.713742
        ]
      },
      "properties": {
        "x_epsg3857": 5175340.89,
        "y_epsg3857": 2840625,
        "ndvi": 0.1389,
        "lst": 38.3,
        "population": 46
      }
    },
    {
      "type": "Feature",
      "geometry": {
        "type": "Point",
        "coordinates": [
          46.509054,
          24.713742
        ]
      },
      "properties": {
        "x_epsg3857": 5177364.2,
        "y_epsg3857": 2840625,
        "ndvi": 0.1406,
        "lst": 38.4,
        "population": 51
      }
    },
    {
      "type": "Feature",
      "geometry": {
        "type": "Point",
        "coordinates": [
          46.52723,
          24.713742
        ]
      },
      "properties": {
        "x_epsg3857": 5179387.5,
        "y_epsg3857": 2840625,
        "ndvi": 0.1399,
        "lst": 38.6,
        "population": 60
      }
    },
    {
      "type": "Feature",
      "geometry": {
        "type": "Point",
        "coordinates": [
          46.545405,
          24.713742
        ]
      },
      "properties": {
        "x_epsg3857": 5181410.8,
        "y_epsg3857": 2840625,
        "ndvi": 0.1395,
        "lst": 38.8,
        "population": 71
      }
    },
    {
      "type": "Feature",
      "geometry": {
        "type": "Point",
        "coordinates": [
          46.563581,
          24.713742
        ]
      },
      "properties": {
        "x_epsg3857": 5183434.11,
        "y_epsg3857": 2840625,
        "ndvi": 0.081,
        "lst": 39.3,
        "population": 83
      }
    },
    {
      "type": "Feature",
      "geometry": {
        "type": "Point",
        "coordinates": [
          46.581756,
          24.713742
        ]
      },
      "properties": {
        "x_epsg3857": 5185457.41,
        "y_epsg3857": 2840625,
        "ndvi": 0.0786,
        "lst": 39.5,
        "population": 97
      }
    },
    {
      "type": "Feature",
      "geometry": {
        "type": "Point",
        "coordinates": [
          46.599932,
          24.713742
        ]
      },
      "properties": {
        "x_epsg3857": 5187480.72,
        "y_epsg3857": 2840625,
        "ndvi": 0.0814,
        "lst": 39.6,
        "population": 110
      }
    },
    {
      "type": "Feature",
      "geometry": {
        "type": "Point",
        "coordinates": [
          46.618108,
          24.713742
        ]
      },
      "properties": {
        "x_epsg3857": 5189504.02,
        "y_epsg3857": 2840625,
        "ndvi": 0.0787,
        "lst": 39.8,
        "population": 130
      }
    },
    {
      "type": "Feature",
      "geometry": {
        "type": "Point",
        "coordinates": [
          46.636283,
          24.713742
        ]
      },
      "properties": {
        "x_epsg3857": 5191527.32,
        "y_epsg3857": 2840625,
        "ndvi": 0.0809,
        "lst": 39.9,
        "population": 148
      }
    },
    {
      "type": "Feature",
      "geometry": {
        "type": "Point",
        "coordinates": [
          46.654459,
          24.713742
        ]
      },
      "properties": {
        "x_epsg3857": 5193550.63,
        "y_epsg3857": 2840625,
        "ndvi": 0.0796,
        "lst": 40.1,
        "population": 173
      }
    },
    {
      "type": "Feature",
      "geometry": {
        "type": "Point",
        "coordinates": [
          46.672635,
          24.713742
        ]
      },
      "properties": {
        "x_epsg3857": 5195573.93,
        "y_epsg3857": 2840625,
        "ndvi": 0.0798,
        "lst": 40.2,
        "population": 199
      }
    },
    {
      "type": "Feature",
      "geometry": {
        "type": "Point",
        "coordinates": [
          46.69081,
          24.713742
        ]
      },
      "properties": {
        "x_epsg3857": 5197597.24,
        "y_epsg3857": 2840625,
        "ndvi": 0.0808,
        "lst": 40.3,
        "population": 224
      }
    },
    {
      "type": "Feature",
      "geometry": {
        "type": "Point",
        "coordinates": [
          46.708986,
          24.713742
        ]
      },
      "properties": {
        "x_epsg3857": 5199620.54,
        "y_epsg3857": 2840625,
        "ndvi": 0.0788,
        "lst": 40.4,
        "population": 224
      }
    },
    {
      "type": "Feature",
      "geometry": {
        "type": "Point",
        "coordinates": [
          46.727162,
          24.713742
        ]
      },
      "properties": {
        "x_epsg3857": 5201643.84,
        "y_epsg3857": 2840625,
        "ndvi": 0.0814,
        "lst": 40.2,
        "population": 203
      }
    },
    {
      "type": "Feature",
      "geometry": {
        "type": "Point",
        "coordinates": [
          46.745337,
          24.713742
        ]
      },
      "properties": {
        "x_epsg3857": 5203667.15,
        "y_epsg3857": 2840625,
        "ndvi": 0.0786,
        "lst": 40.1,
        "population": 182
      }
    },
    {
      "type": "Feature",
      "geometry": {
        "type": "Point",
        "coordinates": [
          46.763513,
          24.713742
        ]
      },
      "properties": {
        "x_epsg3857": 5205690.45,
        "y_epsg3857": 2840625,
        "ndvi": 0.0812,
        "lst": 39.9,
        "population": 161
      }
    },
    {
      "type": "Feature",
      "geometry": {
        "type": "Point",
        "coordinates": [
          46.781689,
          24.713742
        ]
      },
      "properties": {
        "x_epsg3857": 5207713.76,
        "y_epsg3857": 2840625,
        "ndvi": 0.0793,
        "lst": 39.8,
        "population": 139
      }
    },
    {
      "type": "Feature",
      "geometry": {
        "type": "Point",
        "coordinates": [
          46.799864,
          24.713742
        ]
      },
      "properties": {
        "x_epsg3857": 5209737.06,
        "y_epsg3857": 2840625,
        "ndvi": 0.0801,
        "lst": 39.6,
        "population": 122
      }
    },
    {
      "type": "Feature",
      "geometry": {
        "type": "Point",
        "coordinates": [
          46.81804,
          24.713742
        ]
      },
      "properties": {
        "x_epsg3857": 5211760.36,
        "y_epsg3857": 2840625,
        "ndvi": 0.0805,
        "lst": 39.4,
        "population": 109
      }
    },
    {
      "type": "Feature",
      "geometry": {
        "type": "Point",
        "coordinates": [
          46.836216,
          24.713742
        ]
      },
      "properties": {
        "x_epsg3857": 5213783.67,
        "y_epsg3857": 2840625,
        "ndvi": 0.079,
        "lst": 39.3,
        "population": 95
      }
    },
    {
      "type": "Feature",
      "geometry": {
        "type": "Point",
        "coordinates": [
          46.854391,
          24.713742
        ]
      },
      "properties": {
        "x_epsg3857": 5215806.97,
        "y_epsg3857": 2840625,
        "ndvi": 0.1413,
        "lst": 38.8,
        "population": 80
      }
    },
    {
      "type": "Feature",
      "geometry": {
        "type": "Point",
        "coordinates": [
          46.872567,
          24.713742
        ]
      },
      "properties": {
        "x_epsg3857": 5217830.28,
        "y_epsg3857": 2840625,
        "ndvi": 0.1386,
        "lst": 38.6,
        "population": 68
      }
    },
    {
      "type": "Feature",
      "geometry": {
        "type": "Point",
        "coordinates": [
          46.890743,
          24.713742
        ]
      },
      "properties": {
        "x_epsg3857": 5219853.58,
        "y_epsg3857": 2840625,
        "ndvi": 0.1413,
        "lst": 38.4,
        "population": 57
      }
    },
    {
      "type": "Feature",
      "geometry": {
        "type": "Point",
        "coordinates": [
          46.908918,
          24.713742
        ]
      },
      "properties": {
        "x_epsg3857": 5221876.88,
        "y_epsg3857": 2840625,
        "ndvi": 0.139,
        "lst": 38.3,
        "population": 48
      }
    },
    {
      "type": "Feature",
      "geometry": {
        "type": "Point",
        "coordinates": [
          46.927094,
          24.713742
        ]
      },
      "properties": {
        "x_epsg3857": 5223900.19,
        "y_epsg3857": 2840625,
        "ndvi": 0.1405,
        "lst": 38.1,
        "population": 41
      }
    },
    {
      "type": "Feature",
      "geometry": {
        "type": "Point",
        "coordinates": [
          46.945269,
          24.713742
        ]
      },
      "properties": {
        "x_epsg3857": 5225923.49,
        "y_epsg3857": 2840625,
        "ndvi": 0.1401,
        "lst": 38,
        "population": 37
      }
    },
    {
      "type": "Feature",
      "geometry": {
        "type": "Point",
        "coordinates": [
          46.963445,
          24.713742
        ]
      },
      "properties": {
        "x_epsg3857": 5227946.79,
        "y_epsg3857": 2840625,
        "ndvi": 0.1393,
        "lst": 37.8,
        "population": 33
      }
    },
    {
      "type": "Feature",
      "geometry": {
        "type": "Point",
        "coordinates": [
          46.981621,
          24.713742
        ]
      },
      "properties": {
        "x_epsg3857": 5229970.1,
        "y_epsg3857": 2840625,
        "ndvi": 0.1411,
        "lst": 37.7,
        "population": 25
      }
    },
    {
      "type": "Feature",
      "geometry": {
        "type": "Point",
        "coordinates": [
          46.999796,
          24.713742
        ]
      },
      "properties": {
        "x_epsg3857": 5231993.4,
        "y_epsg3857": 2840625,
        "ndvi": 0.1386,
        "lst": 37.5,
        "population": 23
      }
    },
    {
      "type": "Feature",
      "geometry": {
        "type": "Point",
        "coordinates": [
          46.4,
          24.730255
        ]
      },
      "properties": {
        "x_epsg3857": 5165224.37,
        "y_epsg3857": 2842648.66,
        "ndvi": 0.13,
        "lst": 37.7,
        "population": 21
      }
    },
    {
      "type": "Feature",
      "geometry": {
        "type": "Point",
        "coordinates": [
          46.418176,
          24.730255
        ]
      },
      "properties": {
        "x_epsg3857": 5167247.68,
        "y_epsg3857": 2842648.66,
        "ndvi": 0.1691,
        "lst": 37.7,
        "population": 25
      }
    },
    {
      "type": "Feature",
      "geometry": {
        "type": "Point",
        "coordinates": [
          46.436351,
          24.730255
        ]
      },
      "properties": {
        "x_epsg3857": 5169270.98,
        "y_epsg3857": 2842648.66,
        "ndvi": 0.0968,
        "lst": 38.3,
        "population": 29
      }
    },
    {
      "type": "Feature",
      "geometry": {
        "type": "Point",
        "coordinates": [
          46.454527,
          24.730255
        ]
      },
      "properties": {
        "x_epsg3857": 5171294.28,
        "y_epsg3857": 2842648.66,
        "ndvi": 0.1901,
        "lst": 37.8,
        "population": 35
      }
    },
    {
      "type": "Feature",
      "geometry": {
        "type": "Point",
        "coordinates": [
          46.472703,
          24.730255
        ]
      },
      "properties": {
        "x_epsg3857": 5173317.59,
        "y_epsg3857": 2842648.66,
        "ndvi": 0.0916,
        "lst": 38.6,
        "population": 41
      }
    },
    {
      "type": "Feature",
      "geometry": {
        "type": "Point",
        "coordinates": [
          46.490878,
          24.730255
        ]
      },
      "properties": {
        "x_epsg3857": 5175340.89,
        "y_epsg3857": 2842648.66,
        "ndvi": 0.1785,
        "lst": 38.2,
        "population": 44
      }
    },
    {
      "type": "Feature",
      "geometry": {
        "type": "Point",
        "coordinates": [
          46.509054,
          24.730255
        ]
      },
      "properties": {
        "x_epsg3857": 5177364.2,
        "y_epsg3857": 2842648.66,
        "ndvi": 0.118,
        "lst": 38.8,
        "population": 51
      }
    },
    {
      "type": "Feature",
      "geometry": {
        "type": "Point",
        "coordinates": [
          46.52723,
          24.730255
        ]
      },
      "properties": {
        "x_epsg3857": 5179387.5,
        "y_epsg3857": 2842648.66,
        "ndvi": 0.1418,
        "lst": 38.8,
        "population": 61
      }
    },
    {
      "type": "Feature",
      "geometry": {
        "type": "Point",
        "coordinates": [
          46.545405,
          24.730255
        ]
      },
      "properties": {
        "x_epsg3857": 5181410.8,
        "y_epsg3857": 2842648.66,
        "ndvi": 0.1587,
        "lst": 38.8,
        "population": 70
      }
    },
    {
      "type": "Feature",
      "geometry": {
        "type": "Point",
        "coordinates": [
          46.563581,
          24.730255
        ]
      },
      "properties": {
        "x_epsg3857": 5183434.11,
        "y_epsg3857": 2842648.66,
        "ndvi": 0.044,
        "lst": 39.7,
        "population": 83
      }
    },
    {
      "type": "Feature",
      "geometry": {
        "type": "Point",
        "coordinates": [
          46.581756,
          24.730255
        ]
      },
      "properties": {
        "x_epsg3857": 5185457.41,
        "y_epsg3857": 2842648.66,
        "ndvi": 0.1272,
        "lst": 39.3,
        "population": 92
      }
    },
    {
      "type": "Feature",
      "geometry": {
        "type": "Point",
        "coordinates": [
          46.599932,
          24.730255
        ]
      },
      "properties": {
        "x_epsg3857": 5187480.72,
        "y_epsg3857": 2842648.66,
        "ndvi": 0.0296,
        "lst": 40.1,
        "population": 111
      }
    },
    {
      "type": "Feature",
      "geometry": {
        "type": "Point",
        "coordinates": [
          46.618108,
          24.730255
        ]
      },
      "properties": {
        "x_epsg3857": 5189504.02,
        "y_epsg3857": 2842648.66,
        "ndvi": 0.125,
        "lst": 39.6,
        "population": 127
      }
    },
    {
      "type": "Feature",
      "geometry": {
        "type": "Point",
        "coordinates": [
          46.636283,
          24.730255
        ]
      },
      "properties": {
        "x_epsg3857": 5191527.32,
        "y_epsg3857": 2842648.66,
        "ndvi": 0.048,
        "lst": 40.2,
        "population": 143
      }
    },
    {
      "type": "Feature",
      "geometry": {
        "type": "Point",
        "coordinates": [
          46.654459,
          24.730255
        ]
      },
      "properties": {
        "x_epsg3857": 5193550.63,
        "y_epsg3857": 2842648.66,
        "ndvi": 0.0935,
        "lst": 40.1,
        "population": 164
      }
    },
    {
      "type": "Feature",
      "geometry": {
        "type": "Point",
        "coordinates": [
          46.672635,
          24.730255
        ]
      },
      "properties": {
        "x_epsg3857": 5195573.93,
        "y_epsg3857": 2842648.66,
        "ndvi": 0.0872,
        "lst": 40.3,
        "population": 187
      }
    },
    {
      "type": "Feature",
      "geometry": {
        "type": "Point",
        "coordinates": [
          46.69081,
          24.730255
        ]
      },
      "properties": {
        "x_epsg3857": 5197597.24,
        "y_epsg3857": 2842648.66,
        "ndvi": 0.0532,
        "lst": 40.6,
        "population": 198
      }
    },
    {
      "type": "Feature",
      "geometry": {
        "type": "Point",
        "coordinates": [
          46.708986,
          24.730255
        ]
      },
      "properties": {
        "x_epsg3857": 5199620.54,
        "y_epsg3857": 2842648.66,
        "ndvi": 0.1218,
        "lst": 40.1,
        "population": 200
      }
    },
    {
      "type": "Feature",
      "geometry": {
        "type": "Point",
        "coordinates": [
          46.727162,
          24.730255
        ]
      },
      "properties": {
        "x_epsg3857": 5201643.84,
        "y_epsg3857": 2842648.66,
        "ndvi": 0.0304,
        "lst": 40.6,
        "population": 191
      }
    },
    {
      "type": "Feature",
      "geometry": {
        "type": "Point",
        "coordinates": [
          46.745337,
          24.730255
        ]
      },
      "properties": {
        "x_epsg3857": 5203667.15,
        "y_epsg3857": 2842648.66,
        "ndvi": 0.1291,
        "lst": 39.9,
        "population": 172
      }
    },
    {
      "type": "Feature",
      "geometry": {
        "type": "Point",
        "coordinates": [
          46.763513,
          24.730255
        ]
      },
      "properties": {
        "x_epsg3857": 5205690.45,
        "y_epsg3857": 2842648.66,
        "ndvi": 0.0398,
        "lst": 40.3,
        "population": 157
      }
    },
    {
      "type": "Feature",
      "geometry": {
        "type": "Point",
        "coordinates": [
          46.781689,
          24.730255
        ]
      },
      "properties": {
        "x_epsg3857": 5207713.76,
        "y_epsg3857": 2842648.66,
        "ndvi": 0.1045,
        "lst": 39.8,
        "population": 139
      }
    },
    {
      "type": "Feature",
      "geometry": {
        "type": "Point",
        "coordinates": [
          46.799864,
          24.730255
        ]
      },
      "properties": {
        "x_epsg3857": 5209737.06,
        "y_epsg3857": 2842648.66,
        "ndvi": 0.0754,
        "lst": 39.8,
        "population": 127
      }
    },
    {
      "type": "Feature",
      "geometry": {
        "type": "Point",
        "coordinates": [
          46.81804,
          24.730255
        ]
      },
      "properties": {
        "x_epsg3857": 5211760.36,
        "y_epsg3857": 2842648.66,
        "ndvi": 0.0639,
        "lst": 39.7,
        "population": 112
      }
    },
    {
      "type": "Feature",
      "geometry": {
        "type": "Point",
        "coordinates": [
          46.836216,
          24.730255
        ]
      },
      "properties": {
        "x_epsg3857": 5213783.67,
        "y_epsg3857": 2842648.66,
        "ndvi": 0.114,
        "lst": 39.2,
        "population": 98
      }
    },
    {
      "type": "Feature",
      "geometry": {
        "type": "Point",
        "coordinates": [
          46.854391,
          24.730255
        ]
      },
      "properties": {
        "x_epsg3857": 5215806.97,
        "y_epsg3857": 2842648.66,
        "ndvi": 0.0938,
        "lst": 39.2,
        "population": 81
      }
    },
    {
      "type": "Feature",
      "geometry": {
        "type": "Point",
        "coordinates": [
          46.872567,
          24.730255
        ]
      },
      "properties": {
        "x_epsg3857": 5217830.28,
        "y_epsg3857": 2842648.66,
        "ndvi": 0.1905,
        "lst": 38.5,
        "population": 72
      }
    },
    {
      "type": "Feature",
      "geometry": {
        "type": "Point",
        "coordinates": [
          46.890743,
          24.730255
        ]
      },
      "properties": {
        "x_epsg3857": 5219853.58,
        "y_epsg3857": 2842648.66,
        "ndvi": 0.0938,
        "lst": 38.9,
        "population": 58
      }
    },
    {
      "type": "Feature",
      "geometry": {
        "type": "Point",
        "coordinates": [
          46.908918,
          24.730255
        ]
      },
      "properties": {
        "x_epsg3857": 5221876.88,
        "y_epsg3857": 2842648.66,
        "ndvi": 0.1741,
        "lst": 38.3,
        "population": 52
      }
    },
    {
      "type": "Feature",
      "geometry": {
        "type": "Point",
        "coordinates": [
          46.927094,
          24.730255
        ]
      },
      "properties": {
        "x_epsg3857": 5223900.19,
        "y_epsg3857": 2842648.66,
        "ndvi": 0.1238,
        "lst": 38.4,
        "population": 46
      }
    },
    {
      "type": "Feature",
      "geometry": {
        "type": "Point",
        "coordinates": [
          46.945269,
          24.730255
        ]
      },
      "properties": {
        "x_epsg3857": 5225923.49,
        "y_epsg3857": 2842648.66,
        "ndvi": 0.1355,
        "lst": 38.2,
        "population": 38
      }
    },
    {
      "type": "Feature",
      "geometry": {
        "type": "Point",
        "coordinates": [
          46.963445,
          24.730255
        ]
      },
      "properties": {
        "x_epsg3857": 5227946.79,
        "y_epsg3857": 2842648.66,
        "ndvi": 0.1644,
        "lst": 37.8,
        "population": 32
      }
    },
    {
      "type": "Feature",
      "geometry": {
        "type": "Point",
        "coordinates": [
          46.981621,
          24.730255
        ]
      },
      "properties": {
        "x_epsg3857": 5229970.1,
        "y_epsg3857": 2842648.66,
        "ndvi": 0.0998,
        "lst": 38.1,
        "population": 28
      }
    },
    {
      "type": "Feature",
      "geometry": {
        "type": "Point",
        "coordinates": [
          46.999796,
          24.730255
        ]
      },
      "properties": {
        "x_epsg3857": 5231993.4,
        "y_epsg3857": 2842648.66,
        "ndvi": 0.1891,
        "lst": 37.4,
        "population": 25
      }
    },
    {
      "type": "Feature",
      "geometry": {
        "type": "Point",
        "coordinates": [
          46.4,
          24.746767
        ]
      },
      "properties": {
        "x_epsg3857": 5165224.37,
        "y_epsg3857": 2844672.59,
        "ndvi": 0.1554,
        "lst": 39,
        "population": 24
      }
    },
    {
      "type": "Feature",
      "geometry": {
        "type": "Point",
        "coordinates": [
          46.418176,
          24.746767
        ]
      },
      "properties": {
        "x_epsg3857": 5167247.68,
        "y_epsg3857": 2844672.59,
        "ndvi": 0.0951,
        "lst": 39.5,
        "population": 25
      }
    },
    {
      "type": "Feature",
      "geometry": {
        "type": "Point",
        "coordinates": [
          46.436351,
          24.746767
        ]
      },
      "properties": {
        "x_epsg3857": 5169270.98,
        "y_epsg3857": 2844672.59,
        "ndvi": 0.2068,
        "lst": 39,
        "population": 31
      }
    },
    {
      "type": "Feature",
      "geometry": {
        "type": "Point",
        "coordinates": [
          46.454527,
          24.746767
        ]
      },
      "properties": {
        "x_epsg3857": 5171294.28,
        "y_epsg3857": 2844672.59,
        "ndvi": 0.0626,
        "lst": 40.1,
        "population": 35
      }
    },
    {
      "type": "Feature",
      "geometry": {
        "type": "Point",
        "coordinates": [
          46.472703,
          24.746767
        ]
      },
      "properties": {
        "x_epsg3857": 5173317.59,
        "y_epsg3857": 2844672.59,
        "ndvi": 0.2148,
        "lst": 39.3,
        "population": 36
      }
    },
    {
      "type": "Feature",
      "geometry": {
        "type": "Point",
        "coordinates": [
          46.490878,
          24.746767
        ]
      },
      "properties": {
        "x_epsg3857": 5175340.89,
        "y_epsg3857": 2844672.59,
        "ndvi": 0.0805,
        "lst": 40.3,
        "population": 43
      }
    },
    {
      "type": "Feature",
      "geometry": {
        "type": "Point",
        "coordinates": [
          46.509054,
          24.746767
        ]
      },
      "properties": {
        "x_epsg3857": 5177364.2,
        "y_epsg3857": 2844672.59,
        "ndvi": 0.174,
        "lst": 39.9,
        "population": 50
      }
    },
    {
      "type": "Feature",
      "geometry": {
        "type": "Point",
        "coordinates": [
          46.52723,
          24.746767
        ]
      },
      "properties": {
        "x_epsg3857": 5179387.5,
        "y_epsg3857": 2844672.59,
        "ndvi": 0.1372,
        "lst": 40.2,
        "population": 62
      }
    },
    {
      "type": "Feature",
      "geometry": {
        "type": "Point",
        "coordinates": [
          46.545405,
          24.746767
        ]
      },
      "properties": {
        "x_epsg3857": 5181410.8,
        "y_epsg3857": 2844672.59,
        "ndvi": 0.1111,
        "lst": 40.5,
        "population": 69
      }
    },
    {
      "type": "Feature",
      "geometry": {
        "type": "Point",
        "coordinates": [
          46.563581,
          24.746767
        ]
      },
      "properties": {
        "x_epsg3857": 5183434.11,
        "y_epsg3857": 2844672.59,
        "ndvi": 0.1356,
        "lst": 40.5,
        "population": 76
      }
    },
    {
      "type": "Feature",
      "geometry": {
        "type": "Point",
        "coordinates": [
          46.581756,
          24.746767
        ]
      },
      "properties": {
        "x_epsg3857": 5185457.41,
        "y_epsg3857": 2844672.59,
        "ndvi": 0.01,
        "lst": 41.4,
        "population": 92
      }
    },
    {
      "type": "Feature",
      "geometry": {
        "type": "Point",
        "coordinates": [
          46.599932,
          24.746767
        ]
      },
      "properties": {
        "x_epsg3857": 5187480.72,
        "y_epsg3857": 2844672.59,
        "ndvi": 0.1579,
        "lst": 40.7,
        "population": 104
      }
    },
    {
      "type": "Feature",
      "geometry": {
        "type": "Point",
        "coordinates": [
          46.618108,
          24.746767
        ]
      },
      "properties": {
        "x_epsg3857": 5189504.02,
        "y_epsg3857": 2844672.59,
        "ndvi": 0.0104,
        "lst": 41.7,
        "population": 120
      }
    },
    {
      "type": "Feature",
      "geometry": {
        "type": "Point",
        "coordinates": [
          46.636283,
          24.746767
        ]
      },
      "properties": {
        "x_epsg3857": 5191527.32,
        "y_epsg3857": 2844672.59,
        "ndvi": 0.1294,
        "lst": 41.1,
        "population": 136
      }
    },
    {
      "type": "Feature",
      "geometry": {
        "type": "Point",
        "coordinates": [
          46.654459,
          24.746767
        ]
      },
      "properties": {
        "x_epsg3857": 5193550.63,
        "y_epsg3857": 2844672.59,
        "ndvi": 0.0591,
        "lst": 41.7,
        "population": 153
      }
    },
    {
      "type": "Feature",
      "geometry": {
        "type": "Point",
        "coordinates": [
          46.672635,
          24.746767
        ]
      },
      "properties": {
        "x_epsg3857": 5195573.93,
        "y_epsg3857": 2844672.59,
        "ndvi": 0.0688,
        "lst": 41.7,
        "population": 166
      }
    },
    {
      "type": "Feature",
      "geometry": {
        "type": "Point",
        "coordinates": [
          46.69081,
          24.746767
        ]
      },
      "properties": {
        "x_epsg3857": 5197597.24,
        "y_epsg3857": 2844672.59,
        "ndvi": 0.1214,
        "lst": 41.5,
        "population": 178
      }
    },
    {
      "type": "Feature",
      "geometry": {
        "type": "Point",
        "coordinates": [
          46.708986,
          24.746767
        ]
      },
      "properties": {
        "x_epsg3857": 5199620.54,
        "y_epsg3857": 2844672.59,
        "ndvi": 0.0155,
        "lst": 42.1,
        "population": 179
      }
    },
    {
      "type": "Feature",
      "geometry": {
        "type": "Point",
        "coordinates": [
          46.727162,
          24.746767
        ]
      },
      "properties": {
        "x_epsg3857": 5201643.84,
        "y_epsg3857": 2844672.59,
        "ndvi": 0.1567,
        "lst": 41.2,
        "population": 176
      }
    },
    {
      "type": "Feature",
      "geometry": {
        "type": "Point",
        "coordinates": [
          46.745337,
          24.746767
        ]
      },
      "properties": {
        "x_epsg3857": 5203667.15,
        "y_epsg3857": 2844672.59,
        "ndvi": 0.01,
        "lst": 42,
        "population": 165
      }
    },
    {
      "type": "Feature",
      "geometry": {
        "type": "Point",
        "coordinates": [
          46.763513,
          24.746767
        ]
      },
      "properties": {
        "x_epsg3857": 5205690.45,
        "y_epsg3857": 2844672.59,
        "ndvi": 0.1421,
        "lst": 41.1,
        "population": 153
      }
    },
    {
      "type": "Feature",
      "geometry": {
        "type": "Point",
        "coordinates": [
          46.781689,
          24.746767
        ]
      },
      "properties": {
        "x_epsg3857": 5207713.76,
        "y_epsg3857": 2844672.59,
        "ndvi": 0.0422,
        "lst": 41.5,
        "population": 141
      }
    },
    {
      "type": "Feature",
      "geometry": {
        "type": "Point",
        "coordinates": [
          46.799864,
          24.746767
        ]
      },
      "properties": {
        "x_epsg3857": 5209737.06,
        "y_epsg3857": 2844672.59,
        "ndvi": 0.0871,
        "lst": 41.1,
        "population": 130
      }
    },
    {
      "type": "Feature",
      "geometry": {
        "type": "Point",
        "coordinates": [
          46.81804,
          24.746767
        ]
      },
      "properties": {
        "x_epsg3857": 5211760.36,
        "y_epsg3857": 2844672.59,
        "ndvi": 0.1049,
        "lst": 40.9,
        "population": 116
      }
    },
    {
      "type": "Feature",
      "geometry": {
        "type": "Point",
        "coordinates": [
          46.836216,
          24.746767
        ]
      },
      "properties": {
        "x_epsg3857": 5213783.67,
        "y_epsg3857": 2844672.59,
        "ndvi": 0.0274,
        "lst": 41.2,
        "population": 99
      }
    },
    {
      "type": "Feature",
      "geometry": {
        "type": "Point",
        "coordinates": [
          46.854391,
          24.746767
        ]
      },
      "properties": {
        "x_epsg3857": 5215806.97,
        "y_epsg3857": 2844672.59,
        "ndvi": 0.2114,
        "lst": 39.9,
        "population": 83
      }
    },
    {
      "type": "Feature",
      "geometry": {
        "type": "Point",
        "coordinates": [
          46.872567,
          24.746767
        ]
      },
      "properties": {
        "x_epsg3857": 5217830.28,
        "y_epsg3857": 2844672.59,
        "ndvi": 0.062,
        "lst": 40.7,
        "population": 74
      }
    },
    {
      "type": "Feature",
      "geometry": {
        "type": "Point",
        "coordinates": [
          46.890743,
          24.746767
        ]
      },
      "properties": {
        "x_epsg3857": 5219853.58,
        "y_epsg3857": 2844672.59,
        "ndvi": 0.2114,
        "lst": 39.6,
        "population": 61
      }
    },
    {
      "type": "Feature",
      "geometry": {
        "type": "Point",
        "coordinates": [
          46.908918,
          24.746767
        ]
      },
      "properties": {
        "x_epsg3857": 5221876.88,
        "y_epsg3857": 2844672.59,
        "ndvi": 0.0873,
        "lst": 40.2,
        "population": 49
      }
    },
    {
      "type": "Feature",
      "geometry": {
        "type": "Point",
        "coordinates": [
          46.927094,
          24.746767
        ]
      },
      "properties": {
        "x_epsg3857": 5223900.19,
        "y_epsg3857": 2844672.59,
        "ndvi": 0.165,
        "lst": 39.6,
        "population": 45
      }
    },
    {
      "type": "Feature",
      "geometry": {
        "type": "Point",
        "coordinates": [
          46.945269,
          24.746767
        ]
      },
      "properties": {
        "x_epsg3857": 5225923.49,
        "y_epsg3857": 2844672.59,
        "ndvi": 0.147,
        "lst": 39.5,
        "population": 38
      }
    },
    {
      "type": "Feature",
      "geometry": {
        "type": "Point",
        "coordinates": [
          46.963445,
          24.746767
        ]
      },
      "properties": {
        "x_epsg3857": 5227946.79,
        "y_epsg3857": 2844672.59,
        "ndvi": 0.1023,
        "lst": 39.7,
        "population": 33
      }
    },
    {
      "type": "Feature",
      "geometry": {
        "type": "Point",
        "coordinates": [
          46.981621,
          24.746767
        ]
      },
      "properties": {
        "x_epsg3857": 5229970.1,
        "y_epsg3857": 2844672.59,
        "ndvi": 0.2021,
        "lst": 38.9,
        "population": 29
      }
    },
    {
      "type": "Feature",
      "geometry": {
        "type": "Point",
        "coordinates": [
          46.999796,
          24.746767
        ]
      },
      "properties": {
        "x_epsg3857": 5231993.4,
        "y_epsg3857": 2844672.59,
        "ndvi": 0.0641,
        "lst": 39.6,
        "population": 23
      }
    },
    {
      "type": "Feature",
      "geometry": {
        "type": "Point",
        "coordinates": [
          46.4,
          24.76328
        ]
      },
      "properties": {
        "x_epsg3857": 5165224.37,
        "y_epsg3857": 2846696.79,
        "ndvi": 0.1257,
        "lst": 39.7,
        "population": 22
      }
    },
    {
      "type": "Feature",
      "geometry": {
        "type": "Point",
        "coordinates": [
          46.418176,
          24.76328
        ]
      },
      "properties": {
        "x_epsg3857": 5167247.68,
        "y_epsg3857": 2846696.79,
        "ndvi": 0.1817,
        "lst": 39.5,
        "population": 23
      }
    },
    {
      "type": "Feature",
      "geometry": {
        "type": "Point",
        "coordinates": [
          46.436351,
          24.76328
        ]
      },
      "properties": {
        "x_epsg3857": 5169270.98,
        "y_epsg3857": 2846696.79,
        "ndvi": 0.078,
        "lst": 40.3,
        "population": 26
      }
    },
    {
      "type": "Feature",
      "geometry": {
        "type": "Point",
        "coordinates": [
          46.454527,
          24.76328
        ]
      },
      "properties": {
        "x_epsg3857": 5171294.28,
        "y_epsg3857": 2846696.79,
        "ndvi": 0.2118,
        "lst": 39.7,
        "population": 33
      }
    },
    {
      "type": "Feature",
      "geometry": {
        "type": "Point",
        "coordinates": [
          46.472703,
          24.76328
        ]
      },
      "properties": {
        "x_epsg3857": 5173317.59,
        "y_epsg3857": 2846696.79,
        "ndvi": 0.0707,
        "lst": 40.7,
        "population": 37
      }
    },
    {
      "type": "Feature",
      "geometry": {
        "type": "Point",
        "coordinates": [
          46.490878,
          24.76328
        ]
      },
      "properties": {
        "x_epsg3857": 5175340.89,
        "y_epsg3857": 2846696.79,
        "ndvi": 0.1951,
        "lst": 40.1,
        "population": 43
      }
    },
    {
      "type": "Feature",
      "geometry": {
        "type": "Point",
        "coordinates": [
          46.509054,
          24.76328
        ]
      },
      "properties": {
        "x_epsg3857": 5177364.2,
        "y_epsg3857": 2846696.79,
        "ndvi": 0.1084,
        "lst": 40.7,
        "population": 51
      }
    },
    {
      "type": "Feature",
      "geometry": {
        "type": "Point",
        "coordinates": [
          46.52723,
          24.76328
        ]
      },
      "properties": {
        "x_epsg3857": 5179387.5,
        "y_epsg3857": 2846696.79,
        "ndvi": 0.1426,
        "lst": 40.7,
        "population": 57
      }
    },
    {
      "type": "Feature",
      "geometry": {
        "type": "Point",
        "coordinates": [
          46.545405,
          24.76328
        ]
      },
      "properties": {
        "x_epsg3857": 5181410.8,
        "y_epsg3857": 2846696.79,
        "ndvi": 0.1668,
        "lst": 40.7,
        "population": 63
      }
    },
    {
      "type": "Feature",
      "geometry": {
        "type": "Point",
        "coordinates": [
          46.563581,
          24.76328
        ]
      },
      "properties": {
        "x_epsg3857": 5183434.11,
        "y_epsg3857": 2846696.79,
        "ndvi": 0.0884,
        "lst": 41.3,
        "population": 73
      }
    },
    {
      "type": "Feature",
      "geometry": {
        "type": "Point",
        "coordinates": [
          46.581756,
          24.76328
        ]
      },
      "properties": {
        "x_epsg3857": 5185457.41,
        "y_epsg3857": 2846696.79,
        "ndvi": 0.1477,
        "lst": 41.1,
        "population": 87
      }
    },
    {
      "type": "Feature",
      "geometry": {
        "type": "Point",
        "coordinates": [
          46.599932,
          24.76328
        ]
      },
      "properties": {
        "x_epsg3857": 5187480.72,
        "y_epsg3857": 2846696.79,
        "ndvi": 0.01,
        "lst": 42.1,
        "population": 95
      }
    },
    {
      "type": "Feature",
      "geometry": {
        "type": "Point",
        "coordinates": [
          46.618108,
          24.76328
        ]
      },
      "properties": {
        "x_epsg3857": 5189504.02,
        "y_epsg3857": 2846696.79,
        "ndvi": 0.1445,
        "lst": 41.4,
        "population": 111
      }
    },
    {
      "type": "Feature",
      "geometry": {
        "type": "Point",
        "coordinates": [
          46.636283,
          24.76328
        ]
      },
      "properties": {
        "x_epsg3857": 5191527.32,
        "y_epsg3857": 2846696.79,
        "ndvi": 0.0342,
        "lst": 42.2,
        "population": 122
      }
    },
    {
      "type": "Feature",
      "geometry": {
        "type": "Point",
        "coordinates": [
          46.654459,
          24.76328
        ]
      },
      "properties": {
        "x_epsg3857": 5193550.63,
        "y_epsg3857": 2846696.79,
        "ndvi": 0.0994,
        "lst": 41.9,
        "population": 138
      }
    },
    {
      "type": "Feature",
      "geometry": {
        "type": "Point",
        "coordinates": [
          46.672635,
          24.76328
        ]
      },
      "properties": {
        "x_epsg3857": 5195573.93,
        "y_epsg3857": 2846696.79,
        "ndvi": 0.0904,
        "lst": 42,
        "population": 147
      }
    },
    {
      "type": "Feature",
      "geometry": {
        "type": "Point",
        "coordinates": [
          46.69081,
          24.76328
        ]
      },
      "properties": {
        "x_epsg3857": 5197597.24,
        "y_epsg3857": 2846696.79,
        "ndvi": 0.0416,
        "lst": 42.3,
        "population": 155
      }
    },
    {
      "type": "Feature",
      "geometry": {
        "type": "Point",
        "coordinates": [
          46.708986,
          24.76328
        ]
      },
      "properties": {
        "x_epsg3857": 5199620.54,
        "y_epsg3857": 2846696.79,
        "ndvi": 0.1399,
        "lst": 41.8,
        "population": 162
      }
    },
    {
      "type": "Feature",
      "geometry": {
        "type": "Point",
        "coordinates": [
          46.727162,
          24.76328
        ]
      },
      "properties": {
        "x_epsg3857": 5201643.84,
        "y_epsg3857": 2846696.79,
        "ndvi": 0.01,
        "lst": 42.5,
        "population": 156
      }
    },
    {
      "type": "Feature",
      "geometry": {
        "type": "Point",
        "coordinates": [
          46.745337,
          24.76328
        ]
      },
      "properties": {
        "x_epsg3857": 5203667.15,
        "y_epsg3857": 2846696.79,
        "ndvi": 0.1504,
        "lst": 41.6,
        "population": 156
      }
    },
    {
      "type": "Feature",
      "geometry": {
        "type": "Point",
        "coordinates": [
          46.763513,
          24.76328
        ]
      },
      "properties": {
        "x_epsg3857": 5205690.45,
        "y_epsg3857": 2846696.79,
        "ndvi": 0.0224,
        "lst": 42.2,
        "population": 148
      }
    },
    {
      "type": "Feature",
      "geometry": {
        "type": "Point",
        "coordinates": [
          46.781689,
          24.76328
        ]
      },
      "properties": {
        "x_epsg3857": 5207713.76,
        "y_epsg3857": 2846696.79,
        "ndvi": 0.1151,
        "lst": 41.6,
        "population": 141
      }
    },
    {
      "type": "Feature",
      "geometry": {
        "type": "Point",
        "coordinates": [
          46.799864,
          24.76328
        ]
      },
      "properties": {
        "x_epsg3857": 5209737.06,
        "y_epsg3857": 2846696.79,
        "ndvi": 0.0734,
        "lst": 41.7,
        "population": 134
      }
    },
    {
      "type": "Feature",
      "geometry": {
        "type": "Point",
        "coordinates": [
          46.81804,
          24.76328
        ]
      },
      "properties": {
        "x_epsg3857": 5211760.36,
        "y_epsg3857": 2846696.79,
        "ndvi": 0.0569,
        "lst": 41.6,
        "population": 119
      }
    },
    {
      "type": "Feature",
      "geometry": {
        "type": "Point",
        "coordinates": [
          46.836216,
          24.76328
        ]
      },
      "properties": {
        "x_epsg3857": 5213783.67,
        "y_epsg3857": 2846696.79,
        "ndvi": 0.1888,
        "lst": 40.7,
        "population": 102
      }
    },
    {
      "type": "Feature",
      "geometry": {
        "type": "Point",
        "coordinates": [
          46.854391,
          24.76328
        ]
      },
      "properties": {
        "x_epsg3857": 5215806.97,
        "y_epsg3857": 2846696.79,
        "ndvi": 0.0738,
        "lst": 41.2,
        "population": 83
      }
    },
    {
      "type": "Feature",
      "geometry": {
        "type": "Point",
        "coordinates": [
          46.872567,
          24.76328
        ]
      },
      "properties": {
        "x_epsg3857": 5217830.28,
        "y_epsg3857": 2846696.79,
        "ndvi": 0.2123,
        "lst": 40.3,
        "population": 72
      }
    },
    {
      "type": "Feature",
      "geometry": {
        "type": "Point",
        "coordinates": [
          46.890743,
          24.76328
        ]
      },
      "properties": {
        "x_epsg3857": 5219853.58,
        "y_epsg3857": 2846696.79,
        "ndvi": 0.0738,
        "lst": 40.9,
        "population": 61
      }
    },
    {
      "type": "Feature",
      "geometry": {
        "type": "Point",
        "coordinates": [
          46.908918,
          24.76328
        ]
      },
      "properties": {
        "x_epsg3857": 5221876.88,
        "y_epsg3857": 2846696.79,
        "ndvi": 0.1888,
        "lst": 40.1,
        "population": 53
      }
    },
    {
      "type": "Feature",
      "geometry": {
        "type": "Point",
        "coordinates": [
          46.927094,
          24.76328
        ]
      },
      "properties": {
        "x_epsg3857": 5223900.19,
        "y_epsg3857": 2846696.79,
        "ndvi": 0.1169,
        "lst": 40.4,
        "population": 45
      }
    },
    {
      "type": "Feature",
      "geometry": {
        "type": "Point",
        "coordinates": [
          46.945269,
          24.76328
        ]
      },
      "properties": {
        "x_epsg3857": 5225923.49,
        "y_epsg3857": 2846696.79,
        "ndvi": 0.1335,
        "lst": 40.1,
        "population": 38
      }
    },
    {
      "type": "Feature",
      "geometry": {
        "type": "Point",
        "coordinates": [
          46.963445,
          24.76328
        ]
      },
      "properties": {
        "x_epsg3857": 5227946.79,
        "y_epsg3857": 2846696.79,
        "ndvi": 0.175,
        "lst": 39.7,
        "population": 30
      }
    },
    {
      "type": "Feature",
      "geometry": {
        "type": "Point",
        "coordinates": [
          46.981621,
          24.76328
        ]
      },
      "properties": {
        "x_epsg3857": 5229970.1,
        "y_epsg3857": 2846696.79,
        "ndvi": 0.0824,
        "lst": 40.1,
        "population": 28
      }
    },
    {
      "type": "Feature",
      "geometry": {
        "type": "Point",
        "coordinates": [
          46.999796,
          24.76328
        ]
      },
      "properties": {
        "x_epsg3857": 5231993.4,
        "y_epsg3857": 2846696.79,
        "ndvi": 0.2103,
        "lst": 39.2,
        "population": 26
      }
    },
    {
      "type": "Feature",
      "geometry": {
        "type": "Point",
        "coordinates": [
          46.4,
          24.779793
        ]
      },
      "properties": {
        "x_epsg3857": 5165224.37,
        "y_epsg3857": 2848721.26,
        "ndvi": 0.1471,
        "lst": 38.4,
        "population": 22
      }
    },
    {
      "type": "Feature",
      "geometry": {
        "type": "Point",
        "coordinates": [
          46.418176,
          24.779793
        ]
      },
      "properties": {
        "x_epsg3857": 5167247.68,
        "y_epsg3857": 2848721.26,
        "ndvi": 0.1193,
        "lst": 38.7,
        "population": 23
      }
    },
    {
      "type": "Feature",
      "geometry": {
        "type": "Point",
        "coordinates": [
          46.436351,
          24.779793
        ]
      },
      "properties": {
        "x_epsg3857": 5169270.98,
        "y_epsg3857": 2848721.26,
        "ndvi": 0.1707,
        "lst": 38.5,
        "population": 26
      }
    },
    {
      "type": "Feature",
      "geometry": {
        "type": "Point",
        "coordinates": [
          46.454527,
          24.779793
        ]
      },
      "properties": {
        "x_epsg3857": 5171294.28,
        "y_epsg3857": 2848721.26,
        "ndvi": 0.1044,
        "lst": 39.1,
        "population": 31
      }
    },
    {
      "type": "Feature",
      "geometry": {
        "type": "Point",
        "coordinates": [
          46.472703,
          24.779793
        ]
      },
      "properties": {
        "x_epsg3857": 5173317.59,
        "y_epsg3857": 2848721.26,
        "ndvi": 0.1744,
        "lst": 38.8,
        "population": 38
      }
    },
    {
      "type": "Feature",
      "geometry": {
        "type": "Point",
        "coordinates": [
          46.490878,
          24.779793
        ]
      },
      "properties": {
        "x_epsg3857": 5175340.89,
        "y_epsg3857": 2848721.26,
        "ndvi": 0.1127,
        "lst": 39.3,
        "population": 42
      }
    },
    {
      "type": "Feature",
      "geometry": {
        "type": "Point",
        "coordinates": [
          46.509054,
          24.779793
        ]
      },
      "properties": {
        "x_epsg3857": 5177364.2,
        "y_epsg3857": 2848721.26,
        "ndvi": 0.1556,
        "lst": 39.2,
        "population": 48
      }
    },
    {
      "type": "Feature",
      "geometry": {
        "type": "Point",
        "coordinates": [
          46.52723,
          24.779793
        ]
      },
      "properties": {
        "x_epsg3857": 5179387.5,
        "y_epsg3857": 2848721.26,
        "ndvi": 0.1387,
        "lst": 39.5,
        "population": 55
      }
    },
    {
      "type": "Feature",
      "geometry": {
        "type": "Point",
        "coordinates": [
          46.545405,
          24.779793
        ]
      },
      "properties": {
        "x_epsg3857": 5181410.8,
        "y_epsg3857": 2848721.26,
        "ndvi": 0.1267,
        "lst": 39.7,
        "population": 61
      }
    },
    {
      "type": "Feature",
      "geometry": {
        "type": "Point",
        "coordinates": [
          46.563581,
          24.779793
        ]
      },
      "properties": {
        "x_epsg3857": 5183434.11,
        "y_epsg3857": 2848721.26,
        "ndvi": 0.1656,
        "lst": 39.6,
        "population": 72
      }
    },
    {
      "type": "Feature",
      "geometry": {
        "type": "Point",
        "coordinates": [
          46.581756,
          24.779793
        ]
      },
      "properties": {
        "x_epsg3857": 5185457.41,
        "y_epsg3857": 2848721.26,
        "ndvi": 0.0465,
        "lst": 40.4,
        "population": 78
      }
    },
    {
      "type": "Feature",
      "geometry": {
        "type": "Point",
        "coordinates": [
          46.599932,
          24.779793
        ]
      },
      "properties": {
        "x_epsg3857": 5187480.72,
        "y_epsg3857": 2848721.26,
        "ndvi": 0.1158,
        "lst": 40.1,
        "population": 90
      }
    },
    {
      "type": "Feature",
      "geometry": {
        "type": "Point",
        "coordinates": [
          46.618108,
          24.779793
        ]
      },
      "properties": {
        "x_epsg3857": 5189504.02,
        "y_epsg3857": 2848721.26,
        "ndvi": 0.048,
        "lst": 40.7,
        "population": 101
      }
    },
    {
      "type": "Feature",
      "geometry": {
        "type": "Point",
        "coordinates": [
          46.636283,
          24.779793
        ]
      },
      "properties": {
        "x_epsg3857": 5191527.32,
        "y_epsg3857": 2848721.26,
        "ndvi": 0.1027,
        "lst": 40.4,
        "population": 112
      }
    },
    {
      "type": "Feature",
      "geometry": {
        "type": "Point",
        "coordinates": [
          46.654459,
          24.779793
        ]
      },
      "properties": {
        "x_epsg3857": 5193550.63,
        "y_epsg3857": 2848721.26,
        "ndvi": 0.0704,
        "lst": 40.7,
        "population": 124
      }
    },
    {
      "type": "Feature",
      "geometry": {
        "type": "Point",
        "coordinates": [
          46.672635,
          24.779793
        ]
      },
      "properties": {
        "x_epsg3857": 5195573.93,
        "y_epsg3857": 2848721.26,
        "ndvi": 0.0749,
        "lst": 40.8,
        "population": 133
      }
    },
    {
      "type": "Feature",
      "geometry": {
        "type": "Point",
        "coordinates": [
          46.69081,
          24.779793
        ]
      },
      "properties": {
        "x_epsg3857": 5197597.24,
        "y_epsg3857": 2848721.26,
        "ndvi": 0.099,
        "lst": 40.7,
        "population": 137
      }
    },
    {
      "type": "Feature",
      "geometry": {
        "type": "Point",
        "coordinates": [
          46.708986,
          24.779793
        ]
      },
      "properties": {
        "x_epsg3857": 5199620.54,
        "y_epsg3857": 2848721.26,
        "ndvi": 0.0503,
        "lst": 40.9,
        "population": 142
      }
    },
    {
      "type": "Feature",
      "geometry": {
        "type": "Point",
        "coordinates": [
          46.727162,
          24.779793
        ]
      },
      "properties": {
        "x_epsg3857": 5201643.84,
        "y_epsg3857": 2848721.26,
        "ndvi": 0.1153,
        "lst": 40.5,
        "population": 144
      }
    },
    {
      "type": "Feature",
      "geometry": {
        "type": "Point",
        "coordinates": [
          46.745337,
          24.779793
        ]
      },
      "properties": {
        "x_epsg3857": 5203667.15,
        "y_epsg3857": 2848721.26,
        "ndvi": 0.0451,
        "lst": 40.9,
        "population": 140
      }
    },
    {
      "type": "Feature",
      "geometry": {
        "type": "Point",
        "coordinates": [
          46.763513,
          24.779793
        ]
      },
      "properties": {
        "x_epsg3857": 5205690.45,
        "y_epsg3857": 2848721.26,
        "ndvi": 0.1086,
        "lst": 40.4,
        "population": 142
      }
    },
    {
      "type": "Feature",
      "geometry": {
        "type": "Point",
        "coordinates": [
          46.781689,
          24.779793
        ]
      },
      "properties": {
        "x_epsg3857": 5207713.76,
        "y_epsg3857": 2848721.26,
        "ndvi": 0.0626,
        "lst": 40.6,
        "population": 144
      }
    },
    {
      "type": "Feature",
      "geometry": {
        "type": "Point",
        "coordinates": [
          46.799864,
          24.779793
        ]
      },
      "properties": {
        "x_epsg3857": 5209737.06,
        "y_epsg3857": 2848721.26,
        "ndvi": 0.0833,
        "lst": 40.3,
        "population": 138
      }
    },
    {
      "type": "Feature",
      "geometry": {
        "type": "Point",
        "coordinates": [
          46.81804,
          24.779793
        ]
      },
      "properties": {
        "x_epsg3857": 5211760.36,
        "y_epsg3857": 2848721.26,
        "ndvi": 0.0914,
        "lst": 40.2,
        "population": 121
      }
    },
    {
      "type": "Feature",
      "geometry": {
        "type": "Point",
        "coordinates": [
          46.836216,
          24.779793
        ]
      },
      "properties": {
        "x_epsg3857": 5213783.67,
        "y_epsg3857": 2848721.26,
        "ndvi": 0.1158,
        "lst": 39.9,
        "population": 103
      }
    },
    {
      "type": "Feature",
      "geometry": {
        "type": "Point",
        "coordinates": [
          46.854391,
          24.779793
        ]
      },
      "properties": {
        "x_epsg3857": 5215806.97,
        "y_epsg3857": 2848721.26,
        "ndvi": 0.1728,
        "lst": 39.4,
        "population": 86
      }
    },
    {
      "type": "Feature",
      "geometry": {
        "type": "Point",
        "coordinates": [
          46.872567,
          24.779793
        ]
      },
      "properties": {
        "x_epsg3857": 5217830.28,
        "y_epsg3857": 2848721.26,
        "ndvi": 0.1041,
        "lst": 39.7,
        "population": 70
      }
    },
    {
      "type": "Feature",
      "geometry": {
        "type": "Point",
        "coordinates": [
          46.890743,
          24.779793
        ]
      },
      "properties": {
        "x_epsg3857": 5219853.58,
        "y_epsg3857": 2848721.26,
        "ndvi": 0.1728,
        "lst": 39.1,
        "population": 61
      }
    },
    {
      "type": "Feature",
      "geometry": {
        "type": "Point",
        "coordinates": [
          46.908918,
          24.779793
        ]
      },
      "properties": {
        "x_epsg3857": 5221876.88,
        "y_epsg3857": 2848721.26,
        "ndvi": 0.1158,
        "lst": 39.3,
        "population": 47
      }
    },
    {
      "type": "Feature",
      "geometry": {
        "type": "Point",
        "coordinates": [
          46.927094,
          24.779793
        ]
      },
      "properties": {
        "x_epsg3857": 5223900.19,
        "y_epsg3857": 2848721.26,
        "ndvi": 0.1515,
        "lst": 38.9,
        "population": 42
      }
    },
    {
      "type": "Feature",
      "geometry": {
        "type": "Point",
        "coordinates": [
          46.945269,
          24.779793
        ]
      },
      "properties": {
        "x_epsg3857": 5225923.49,
        "y_epsg3857": 2848721.26,
        "ndvi": 0.1432,
        "lst": 38.8,
        "population": 37
      }
    },
    {
      "type": "Feature",
      "geometry": {
        "type": "Point",
        "coordinates": [
          46.963445,
          24.779793
        ]
      },
      "properties": {
        "x_epsg3857": 5227946.79,
        "y_epsg3857": 2848721.26,
        "ndvi": 0.1227,
        "lst": 38.8,
        "population": 30
      }
    },
    {
      "type": "Feature",
      "geometry": {
        "type": "Point",
        "coordinates": [
          46.981621,
          24.779793
        ]
      },
      "properties": {
        "x_epsg3857": 5229970.1,
        "y_epsg3857": 2848721.26,
        "ndvi": 0.1685,
        "lst": 38.4,
        "population": 24
      }
    },
    {
      "type": "Feature",
      "geometry": {
        "type": "Point",
        "coordinates": [
          46.999796,
          24.779793
        ]
      },
      "properties": {
        "x_epsg3857": 5231993.4,
        "y_epsg3857": 2848721.26,
        "ndvi": 0.1051,
        "lst": 38.6,
        "population": 22
      }
    },
    {
      "type": "Feature",
      "geometry": {
        "type": "Point",
        "coordinates": [
          46.4,
          24.796305
        ]
      },
      "properties": {
        "x_epsg3857": 5165224.37,
        "y_epsg3857": 2850746,
        "ndvi": 0.1431,
        "lst": 37.2,
        "population": 21
      }
    },
    {
      "type": "Feature",
      "geometry": {
        "type": "Point",
        "coordinates": [
          46.418176,
          24.796305
        ]
      },
      "properties": {
        "x_epsg3857": 5167247.68,
        "y_epsg3857": 2850746,
        "ndvi": 0.1309,
        "lst": 37.4,
        "population": 25
      }
    },
    {
      "type": "Feature",
      "geometry": {
        "type": "Point",
        "coordinates": [
          46.436351,
          24.796305
        ]
      },
      "properties": {
        "x_epsg3857": 5169270.98,
        "y_epsg3857": 2850746,
        "ndvi": 0.1536,
        "lst": 37.4,
        "population": 24
      }
    },
    {
      "type": "Feature",
      "geometry": {
        "type": "Point",
        "coordinates": [
          46.454527,
          24.796305
        ]
      },
      "properties": {
        "x_epsg3857": 5171294.28,
        "y_epsg3857": 2850746,
        "ndvi": 0.1242,
        "lst": 37.8,
        "population": 33
      }
    },
    {
      "type": "Feature",
      "geometry": {
        "type": "Point",
        "coordinates": [
          46.472703,
          24.796305
        ]
      },
      "properties": {
        "x_epsg3857": 5173317.59,
        "y_epsg3857": 2850746,
        "ndvi": 0.1552,
        "lst": 37.7,
        "population": 34
      }
    },
    {
      "type": "Feature",
      "geometry": {
        "type": "Point",
        "coordinates": [
          46.490878,
          24.796305
        ]
      },
      "properties": {
        "x_epsg3857": 5175340.89,
        "y_epsg3857": 2850746,
        "ndvi": 0.1279,
        "lst": 38,
        "population": 37
      }
    },
    {
      "type": "Feature",
      "geometry": {
        "type": "Point",
        "coordinates": [
          46.509054,
          24.796305
        ]
      },
      "properties": {
        "x_epsg3857": 5177364.2,
        "y_epsg3857": 2850746,
        "ndvi": 0.1469,
        "lst": 38.1,
        "population": 44
      }
    },
    {
      "type": "Feature",
      "geometry": {
        "type": "Point",
        "coordinates": [
          46.52723,
          24.796305
        ]
      },
      "properties": {
        "x_epsg3857": 5179387.5,
        "y_epsg3857": 2850746,
        "ndvi": 0.1394,
        "lst": 38.3,
        "population": 52
      }
    },
    {
      "type": "Feature",
      "geometry": {
        "type": "Point",
        "coordinates": [
          46.545405,
          24.796305
        ]
      },
      "properties": {
        "x_epsg3857": 5181410.8,
        "y_epsg3857": 2850746,
        "ndvi": 0.1341,
        "lst": 38.4,
        "population": 56
      }
    },
    {
      "type": "Feature",
      "geometry": {
        "type": "Point",
        "coordinates": [
          46.563581,
          24.796305
        ]
      },
      "properties": {
        "x_epsg3857": 5183434.11,
        "y_epsg3857": 2850746,
        "ndvi": 0.1513,
        "lst": 38.5,
        "population": 65
      }
    },
    {
      "type": "Feature",
      "geometry": {
        "type": "Point",
        "coordinates": [
          46.581756,
          24.796305
        ]
      },
      "properties": {
        "x_epsg3857": 5185457.41,
        "y_epsg3857": 2850746,
        "ndvi": 0.1251,
        "lst": 38.7,
        "population": 75
      }
    },
    {
      "type": "Feature",
      "geometry": {
        "type": "Point",
        "coordinates": [
          46.599932,
          24.796305
        ]
      },
      "properties": {
        "x_epsg3857": 5187480.72,
        "y_epsg3857": 2850746,
        "ndvi": 0.0959,
        "lst": 39,
        "population": 81
      }
    },
    {
      "type": "Feature",
      "geometry": {
        "type": "Point",
        "coordinates": [
          46.618108,
          24.796305
        ]
      },
      "properties": {
        "x_epsg3857": 5189504.02,
        "y_epsg3857": 2850746,
        "ndvi": 0.0658,
        "lst": 39.3,
        "population": 94
      }
    },
    {
      "type": "Feature",
      "geometry": {
        "type": "Point",
        "coordinates": [
          46.636283,
          24.796305
        ]
      },
      "properties": {
        "x_epsg3857": 5191527.32,
        "y_epsg3857": 2850746,
        "ndvi": 0.0901,
        "lst": 39.3,
        "population": 101
      }
    },
    {
      "type": "Feature",
      "geometry": {
        "type": "Point",
        "coordinates": [
          46.654459,
          24.796305
        ]
      },
      "properties": {
        "x_epsg3857": 5193550.63,
        "y_epsg3857": 2850746,
        "ndvi": 0.0757,
        "lst": 39.4,
        "population": 109
      }
    },
    {
      "type": "Feature",
      "geometry": {
        "type": "Point",
        "coordinates": [
          46.672635,
          24.796305
        ]
      },
      "properties": {
        "x_epsg3857": 5195573.93,
        "y_epsg3857": 2850746,
        "ndvi": 0.0777,
        "lst": 39.5,
        "population": 119
      }
    },
    {
      "type": "Feature",
      "geometry": {
        "type": "Point",
        "coordinates": [
          46.69081,
          24.796305
        ]
      },
      "properties": {
        "x_epsg3857": 5197597.24,
        "y_epsg3857": 2850746,
        "ndvi": 0.0884,
        "lst": 39.4,
        "population": 123
      }
    },
    {
      "type": "Feature",
      "geometry": {
        "type": "Point",
        "coordinates": [
          46.708986,
          24.796305
        ]
      },
      "properties": {
        "x_epsg3857": 5199620.54,
        "y_epsg3857": 2850746,
        "ndvi": 0.0669,
        "lst": 39.6,
        "population": 129
      }
    },
    {
      "type": "Feature",
      "geometry": {
        "type": "Point",
        "coordinates": [
          46.727162,
          24.796305
        ]
      },
      "properties": {
        "x_epsg3857": 5201643.84,
        "y_epsg3857": 2850746,
        "ndvi": 0.0956,
        "lst": 39.4,
        "population": 130
      }
    },
    {
      "type": "Feature",
      "geometry": {
        "type": "Point",
        "coordinates": [
          46.745337,
          24.796305
        ]
      },
      "properties": {
        "x_epsg3857": 5203667.15,
        "y_epsg3857": 2850746,
        "ndvi": 0.0645,
        "lst": 39.5,
        "population": 132
      }
    },
    {
      "type": "Feature",
      "geometry": {
        "type": "Point",
        "coordinates": [
          46.763513,
          24.796305
        ]
      },
      "properties": {
        "x_epsg3857": 5205690.45,
        "y_epsg3857": 2850746,
        "ndvi": 0.0927,
        "lst": 39.3,
        "population": 136
      }
    },
    {
      "type": "Feature",
      "geometry": {
        "type": "Point",
        "coordinates": [
          46.781689,
          24.796305
        ]
      },
      "properties": {
        "x_epsg3857": 5207713.76,
        "y_epsg3857": 2850746,
        "ndvi": 0.0723,
        "lst": 39.3,
        "population": 141
      }
    },
    {
      "type": "Feature",
      "geometry": {
        "type": "Point",
        "coordinates": [
          46.799864,
          24.796305
        ]
      },
      "properties": {
        "x_epsg3857": 5209737.06,
        "y_epsg3857": 2850746,
        "ndvi": 0.0814,
        "lst": 39.1,
        "population": 150
      }
    },
    {
      "type": "Feature",
      "geometry": {
        "type": "Point",
        "coordinates": [
          46.81804,
          24.796305
        ]
      },
      "properties": {
        "x_epsg3857": 5211760.36,
        "y_epsg3857": 2850746,
        "ndvi": 0.1451,
        "lst": 38.6,
        "population": 127
      }
    },
    {
      "type": "Feature",
      "geometry": {
        "type": "Point",
        "coordinates": [
          46.836216,
          24.796305
        ]
      },
      "properties": {
        "x_epsg3857": 5213783.67,
        "y_epsg3857": 2850746,
        "ndvi": 0.1293,
        "lst": 38.6,
        "population": 102
      }
    },
    {
      "type": "Feature",
      "geometry": {
        "type": "Point",
        "coordinates": [
          46.854391,
          24.796305
        ]
      },
      "properties": {
        "x_epsg3857": 5215806.97,
        "y_epsg3857": 2850746,
        "ndvi": 0.1545,
        "lst": 38.3,
        "population": 82
      }
    },
    {
      "type": "Feature",
      "geometry": {
        "type": "Point",
        "coordinates": [
          46.872567,
          24.796305
        ]
      },
      "properties": {
        "x_epsg3857": 5217830.28,
        "y_epsg3857": 2850746,
        "ndvi": 0.1241,
        "lst": 38.4,
        "population": 66
      }
    },
    {
      "type": "Feature",
      "geometry": {
        "type": "Point",
        "coordinates": [
          46.890743,
          24.796305
        ]
      },
      "properties": {
        "x_epsg3857": 5219853.58,
        "y_epsg3857": 2850746,
        "ndvi": 0.1545,
        "lst": 38,
        "population": 59
      }
    },
    {
      "type": "Feature",
      "geometry": {
        "type": "Point",
        "coordinates": [
          46.908918,
          24.796305
        ]
      },
      "properties": {
        "x_epsg3857": 5221876.88,
        "y_epsg3857": 2850746,
        "ndvi": 0.1293,
        "lst": 38,
        "population": 46
      }
    },
    {
      "type": "Feature",
      "geometry": {
        "type": "Point",
        "coordinates": [
          46.927094,
          24.796305
        ]
      },
      "properties": {
        "x_epsg3857": 5223900.19,
        "y_epsg3857": 2850746,
        "ndvi": 0.1451,
        "lst": 37.8,
        "population": 39
      }
    },
    {
      "type": "Feature",
      "geometry": {
        "type": "Point",
        "coordinates": [
          46.945269,
          24.796305
        ]
      },
      "properties": {
        "x_epsg3857": 5225923.49,
        "y_epsg3857": 2850746,
        "ndvi": 0.1414,
        "lst": 37.7,
        "population": 34
      }
    },
    {
      "type": "Feature",
      "geometry": {
        "type": "Point",
        "coordinates": [
          46.963445,
          24.796305
        ]
      },
      "properties": {
        "x_epsg3857": 5227946.79,
        "y_epsg3857": 2850746,
        "ndvi": 0.1323,
        "lst": 37.6,
        "population": 28
      }
    },
    {
      "type": "Feature",
      "geometry": {
        "type": "Point",
        "coordinates": [
          46.981621,
          24.796305
        ]
      },
      "properties": {
        "x_epsg3857": 5229970.1,
        "y_epsg3857": 2850746,
        "ndvi": 0.1526,
        "lst": 37.3,
        "population": 25
      }
    },
    {
      "type": "Feature",
      "geometry": {
        "type": "Point",
        "coordinates": [
          46.999796,
          24.796305
        ]
      },
      "properties": {
        "x_epsg3857": 5231993.4,
        "y_epsg3857": 2850746,
        "ndvi": 0.1246,
        "lst": 37.3,
        "population": 21
      }
    },
    {
      "type": "Feature",
      "geometry": {
        "type": "Point",
        "coordinates": [
          46.4,
          24.812818
        ]
      },
      "properties": {
        "x_epsg3857": 5165224.37,
        "y_epsg3857": 2852771,
        "ndvi": 0.128,
        "lst": 37.9,
        "population": 22
      }
    },
    {
      "type": "Feature",
      "geometry": {
        "type": "Point",
        "coordinates": [
          46.418176,
          24.812818
        ]
      },
      "properties": {
        "x_epsg3857": 5167247.68,
        "y_epsg3857": 2852771,
        "ndvi": 0.1751,
        "lst": 37.8,
        "population": 22
      }
    },
    {
      "type": "Feature",
      "geometry": {
        "type": "Point",
        "coordinates": [
          46.436351,
          24.812818
        ]
      },
      "properties": {
        "x_epsg3857": 5169270.98,
        "y_epsg3857": 2852771,
        "ndvi": 0.0879,
        "lst": 38.4,
        "population": 28
      }
    },
    {
      "type": "Feature",
      "geometry": {
        "type": "Point",
        "coordinates": [
          46.454527,
          24.812818
        ]
      },
      "properties": {
        "x_epsg3857": 5171294.28,
        "y_epsg3857": 2852771,
        "ndvi": 0.2004,
        "lst": 37.9,
        "population": 28
      }
    },
    {
      "type": "Feature",
      "geometry": {
        "type": "Point",
        "coordinates": [
          46.472703,
          24.812818
        ]
      },
      "properties": {
        "x_epsg3857": 5173317.59,
        "y_epsg3857": 2852771,
        "ndvi": 0.0817,
        "lst": 38.8,
        "population": 33
      }
    },
    {
      "type": "Feature",
      "geometry": {
        "type": "Point",
        "coordinates": [
          46.490878,
          24.812818
        ]
      },
      "properties": {
        "x_epsg3857": 5175340.89,
        "y_epsg3857": 2852771,
        "ndvi": 0.1864,
        "lst": 38.3,
        "population": 37
      }
    },
    {
      "type": "Feature",
      "geometry": {
        "type": "Point",
        "coordinates": [
          46.509054,
          24.812818
        ]
      },
      "properties": {
        "x_epsg3857": 5177364.2,
        "y_epsg3857": 2852771,
        "ndvi": 0.1134,
        "lst": 38.8,
        "population": 40
      }
    },
    {
      "type": "Feature",
      "geometry": {
        "type": "Point",
        "coordinates": [
          46.52723,
          24.812818
        ]
      },
      "properties": {
        "x_epsg3857": 5179387.5,
        "y_epsg3857": 2852771,
        "ndvi": 0.1422,
        "lst": 38.8,
        "population": 47
      }
    },
    {
      "type": "Feature",
      "geometry": {
        "type": "Point",
        "coordinates": [
          46.545405,
          24.812818
        ]
      },
      "properties": {
        "x_epsg3857": 5181410.8,
        "y_epsg3857": 2852771,
        "ndvi": 0.1625,
        "lst": 38.8,
        "population": 52
      }
    },
    {
      "type": "Feature",
      "geometry": {
        "type": "Point",
        "coordinates": [
          46.563581,
          24.812818
        ]
      },
      "properties": {
        "x_epsg3857": 5183434.11,
        "y_epsg3857": 2852771,
        "ndvi": 0.0966,
        "lst": 39.3,
        "population": 58
      }
    },
    {
      "type": "Feature",
      "geometry": {
        "type": "Point",
        "coordinates": [
          46.581756,
          24.812818
        ]
      },
      "properties": {
        "x_epsg3857": 5185457.41,
        "y_epsg3857": 2852771,
        "ndvi": 0.1969,
        "lst": 38.9,
        "population": 69
      }
    },
    {
      "type": "Feature",
      "geometry": {
        "type": "Point",
        "coordinates": [
          46.599932,
          24.812818
        ]
      },
      "properties": {
        "x_epsg3857": 5187480.72,
        "y_epsg3857": 2852771,
        "ndvi": 0.0792,
        "lst": 39.7,
        "population": 76
      }
    },
    {
      "type": "Feature",
      "geometry": {
        "type": "Point",
        "coordinates": [
          46.618108,
          24.812818
        ]
      },
      "properties": {
        "x_epsg3857": 5189504.02,
        "y_epsg3857": 2852771,
        "ndvi": 0.1343,
        "lst": 39.4,
        "population": 82
      }
    },
    {
      "type": "Feature",
      "geometry": {
        "type": "Point",
        "coordinates": [
          46.636283,
          24.812818
        ]
      },
      "properties": {
        "x_epsg3857": 5191527.32,
        "y_epsg3857": 2852771,
        "ndvi": 0.0414,
        "lst": 40.1,
        "population": 92
      }
    },
    {
      "type": "Feature",
      "geometry": {
        "type": "Point",
        "coordinates": [
          46.654459,
          24.812818
        ]
      },
      "properties": {
        "x_epsg3857": 5193550.63,
        "y_epsg3857": 2852771,
        "ndvi": 0.0963,
        "lst": 39.8,
        "population": 96
      }
    },
    {
      "type": "Feature",
      "geometry": {
        "type": "Point",
        "coordinates": [
          46.672635,
          24.812818
        ]
      },
      "properties": {
        "x_epsg3857": 5195573.93,
        "y_epsg3857": 2852771,
        "ndvi": 0.0887,
        "lst": 39.9,
        "population": 104
      }
    },
    {
      "type": "Feature",
      "geometry": {
        "type": "Point",
        "coordinates": [
          46.69081,
          24.812818
        ]
      },
      "properties": {
        "x_epsg3857": 5197597.24,
        "y_epsg3857": 2852771,
        "ndvi": 0.0477,
        "lst": 40.2,
        "population": 107
      }
    },
    {
      "type": "Feature",
      "geometry": {
        "type": "Point",
        "coordinates": [
          46.708986,
          24.812818
        ]
      },
      "properties": {
        "x_epsg3857": 5199620.54,
        "y_epsg3857": 2852771,
        "ndvi": 0.1304,
        "lst": 39.7,
        "population": 111
      }
    },
    {
      "type": "Feature",
      "geometry": {
        "type": "Point",
        "coordinates": [
          46.727162,
          24.812818
        ]
      },
      "properties": {
        "x_epsg3857": 5201643.84,
        "y_epsg3857": 2852771,
        "ndvi": 0.0201,
        "lst": 40.3,
        "population": 116
      }
    },
    {
      "type": "Feature",
      "geometry": {
        "type": "Point",
        "coordinates": [
          46.745337,
          24.812818
        ]
      },
      "properties": {
        "x_epsg3857": 5203667.15,
        "y_epsg3857": 2852771,
        "ndvi": 0.1392,
        "lst": 39.6,
        "population": 118
      }
    },
    {
      "type": "Feature",
      "geometry": {
        "type": "Point",
        "coordinates": [
          46.763513,
          24.812818
        ]
      },
      "properties": {
        "x_epsg3857": 5205690.45,
        "y_epsg3857": 2852771,
        "ndvi": 0.0315,
        "lst": 40.1,
        "population": 120
      }
    },
    {
      "type": "Feature",
      "geometry": {
        "type": "Point",
        "coordinates": [
          46.781689,
          24.812818
        ]
      },
      "properties": {
        "x_epsg3857": 5207713.76,
        "y_epsg3857": 2852771,
        "ndvi": 0.1095,
        "lst": 39.6,
        "population": 130
      }
    },
    {
      "type": "Feature",
      "geometry": {
        "type": "Point",
        "coordinates": [
          46.799864,
          24.812818
        ]
      },
      "properties": {
        "x_epsg3857": 5209737.06,
        "y_epsg3857": 2852771,
        "ndvi": 0.1345,
        "lst": 39.3,
        "population": 133
      }
    },
    {
      "type": "Feature",
      "geometry": {
        "type": "Point",
        "coordinates": [
          46.81804,
          24.812818
        ]
      },
      "properties": {
        "x_epsg3857": 5211760.36,
        "y_epsg3857": 2852771,
        "ndvi": 0.1206,
        "lst": 39.3,
        "population": 116
      }
    },
    {
      "type": "Feature",
      "geometry": {
        "type": "Point",
        "coordinates": [
          46.836216,
          24.812818
        ]
      },
      "properties": {
        "x_epsg3857": 5213783.67,
        "y_epsg3857": 2852771,
        "ndvi": 0.181,
        "lst": 38.8,
        "population": 95
      }
    },
    {
      "type": "Feature",
      "geometry": {
        "type": "Point",
        "coordinates": [
          46.854391,
          24.812818
        ]
      },
      "properties": {
        "x_epsg3857": 5215806.97,
        "y_epsg3857": 2852771,
        "ndvi": 0.0843,
        "lst": 39.3,
        "population": 77
      }
    },
    {
      "type": "Feature",
      "geometry": {
        "type": "Point",
        "coordinates": [
          46.872567,
          24.812818
        ]
      },
      "properties": {
        "x_epsg3857": 5217830.28,
        "y_epsg3857": 2852771,
        "ndvi": 0.2009,
        "lst": 38.5,
        "population": 65
      }
    },
    {
      "type": "Feature",
      "geometry": {
        "type": "Point",
        "coordinates": [
          46.890743,
          24.812818
        ]
      },
      "properties": {
        "x_epsg3857": 5219853.58,
        "y_epsg3857": 2852771,
        "ndvi": 0.0843,
        "lst": 39,
        "population": 56
      }
    },
    {
      "type": "Feature",
      "geometry": {
        "type": "Point",
        "coordinates": [
          46.908918,
          24.812818
        ]
      },
      "properties": {
        "x_epsg3857": 5221876.88,
        "y_epsg3857": 2852771,
        "ndvi": 0.1811,
        "lst": 38.3,
        "population": 45
      }
    },
    {
      "type": "Feature",
      "geometry": {
        "type": "Point",
        "coordinates": [
          46.927094,
          24.812818
        ]
      },
      "properties": {
        "x_epsg3857": 5223900.19,
        "y_epsg3857": 2852771,
        "ndvi": 0.1205,
        "lst": 38.5,
        "population": 37
      }
    },
    {
      "type": "Feature",
      "geometry": {
        "type": "Point",
        "coordinates": [
          46.945269,
          24.812818
        ]
      },
      "properties": {
        "x_epsg3857": 5225923.49,
        "y_epsg3857": 2852771,
        "ndvi": 0.1346,
        "lst": 38.3,
        "population": 34
      }
    },
    {
      "type": "Feature",
      "geometry": {
        "type": "Point",
        "coordinates": [
          46.963445,
          24.812818
        ]
      },
      "properties": {
        "x_epsg3857": 5227946.79,
        "y_epsg3857": 2852771,
        "ndvi": 0.1694,
        "lst": 37.9,
        "population": 30
      }
    },
    {
      "type": "Feature",
      "geometry": {
        "type": "Point",
        "coordinates": [
          46.981621,
          24.812818
        ]
      },
      "properties": {
        "x_epsg3857": 5229970.1,
        "y_epsg3857": 2852771,
        "ndvi": 0.0916,
        "lst": 38.3,
        "population": 26
      }
    },
    {
      "type": "Feature",
      "geometry": {
        "type": "Point",
        "coordinates": [
          46.999796,
          24.812818
        ]
      },
      "properties": {
        "x_epsg3857": 5231993.4,
        "y_epsg3857": 2852771,
        "ndvi": 0.1992,
        "lst": 37.5,
        "population": 19
      }
    },
    {
      "type": "Feature",
      "geometry": {
        "type": "Point",
        "coordinates": [
          46.4,
          24.829331
        ]
      },
      "properties": {
        "x_epsg3857": 5165224.37,
        "y_epsg3857": 2854796.28,
        "ndvi": 0.1558,
        "lst": 39.1,
        "population": 20
      }
    },
    {
      "type": "Feature",
      "geometry": {
        "type": "Point",
        "coordinates": [
          46.418176,
          24.829331
        ]
      },
      "properties": {
        "x_epsg3857": 5167247.68,
        "y_epsg3857": 2854796.28,
        "ndvi": 0.094,
        "lst": 39.6,
        "population": 19
      }
    },
    {
      "type": "Feature",
      "geometry": {
        "type": "Point",
        "coordinates": [
          46.436351,
          24.829331
        ]
      },
      "properties": {
        "x_epsg3857": 5169270.98,
        "y_epsg3857": 2854796.28,
        "ndvi": 0.2085,
        "lst": 39.1,
        "population": 24
      }
    },
    {
      "type": "Feature",
      "geometry": {
        "type": "Point",
        "coordinates": [
          46.454527,
          24.829331
        ]
      },
      "properties": {
        "x_epsg3857": 5171294.28,
        "y_epsg3857": 2854796.28,
        "ndvi": 0.0607,
        "lst": 40.1,
        "population": 25
      }
    },
    {
      "type": "Feature",
      "geometry": {
        "type": "Point",
        "coordinates": [
          46.472703,
          24.829331
        ]
      },
      "properties": {
        "x_epsg3857": 5173317.59,
        "y_epsg3857": 2854796.28,
        "ndvi": 0.2166,
        "lst": 39.3,
        "population": 33
      }
    },
    {
      "type": "Feature",
      "geometry": {
        "type": "Point",
        "coordinates": [
          46.490878,
          24.829331
        ]
      },
      "properties": {
        "x_epsg3857": 5175340.89,
        "y_epsg3857": 2854796.28,
        "ndvi": 0.0791,
        "lst": 40.3,
        "population": 33
      }
    },
    {
      "type": "Feature",
      "geometry": {
        "type": "Point",
        "coordinates": [
          46.509054,
          24.829331
        ]
      },
      "properties": {
        "x_epsg3857": 5177364.2,
        "y_epsg3857": 2854796.28,
        "ndvi": 0.1749,
        "lst": 39.8,
        "population": 40
      }
    },
    {
      "type": "Feature",
      "geometry": {
        "type": "Point",
        "coordinates": [
          46.52723,
          24.829331
        ]
      },
      "properties": {
        "x_epsg3857": 5179387.5,
        "y_epsg3857": 2854796.28,
        "ndvi": 0.1371,
        "lst": 40.2,
        "population": 45
      }
    },
    {
      "type": "Feature",
      "geometry": {
        "type": "Point",
        "coordinates": [
          46.545405,
          24.829331
        ]
      },
      "properties": {
        "x_epsg3857": 5181410.8,
        "y_epsg3857": 2854796.28,
        "ndvi": 0.1104,
        "lst": 40.5,
        "population": 50
      }
    },
    {
      "type": "Feature",
      "geometry": {
        "type": "Point",
        "coordinates": [
          46.563581,
          24.829331
        ]
      },
      "properties": {
        "x_epsg3857": 5183434.11,
        "y_epsg3857": 2854796.28,
        "ndvi": 0.197,
        "lst": 40.1,
        "population": 56
      }
    },
    {
      "type": "Feature",
      "geometry": {
        "type": "Point",
        "coordinates": [
          46.581756,
          24.829331
        ]
      },
      "properties": {
        "x_epsg3857": 5185457.41,
        "y_epsg3857": 2854796.28,
        "ndvi": 0.0652,
        "lst": 41,
        "population": 61
      }
    },
    {
      "type": "Feature",
      "geometry": {
        "type": "Point",
        "coordinates": [
          46.599932,
          24.829331
        ]
      },
      "properties": {
        "x_epsg3857": 5187480.72,
        "y_epsg3857": 2854796.28,
        "ndvi": 0.2198,
        "lst": 40.2,
        "population": 70
      }
    },
    {
      "type": "Feature",
      "geometry": {
        "type": "Point",
        "coordinates": [
          46.618108,
          24.829331
        ]
      },
      "properties": {
        "x_epsg3857": 5189504.02,
        "y_epsg3857": 2854796.28,
        "ndvi": 0.0687,
        "lst": 41.2,
        "population": 74
      }
    },
    {
      "type": "Feature",
      "geometry": {
        "type": "Point",
        "coordinates": [
          46.636283,
          24.829331
        ]
      },
      "properties": {
        "x_epsg3857": 5191527.32,
        "y_epsg3857": 2854796.28,
        "ndvi": 0.1307,
        "lst": 40.9,
        "population": 81
      }
    },
    {
      "type": "Feature",
      "geometry": {
        "type": "Point",
        "coordinates": [
          46.654459,
          24.829331
        ]
      },
      "properties": {
        "x_epsg3857": 5193550.63,
        "y_epsg3857": 2854796.28,
        "ndvi": 0.0586,
        "lst": 41.4,
        "population": 87
      }
    },
    {
      "type": "Feature",
      "geometry": {
        "type": "Point",
        "coordinates": [
          46.672635,
          24.829331
        ]
      },
      "properties": {
        "x_epsg3857": 5195573.93,
        "y_epsg3857": 2854796.28,
        "ndvi": 0.0685,
        "lst": 41.3,
        "population": 93
      }
    },
    {
      "type": "Feature",
      "geometry": {
        "type": "Point",
        "coordinates": [
          46.69081,
          24.829331
        ]
      },
      "properties": {
        "x_epsg3857": 5197597.24,
        "y_epsg3857": 2854796.28,
        "ndvi": 0.1224,
        "lst": 41,
        "population": 93
      }
    },
    {
      "type": "Feature",
      "geometry": {
        "type": "Point",
        "coordinates": [
          46.708986,
          24.829331
        ]
      },
      "properties": {
        "x_epsg3857": 5199620.54,
        "y_epsg3857": 2854796.28,
        "ndvi": 0.0139,
        "lst": 41.7,
        "population": 99
      }
    },
    {
      "type": "Feature",
      "geometry": {
        "type": "Point",
        "coordinates": [
          46.727162,
          24.829331
        ]
      },
      "properties": {
        "x_epsg3857": 5201643.84,
        "y_epsg3857": 2854796.28,
        "ndvi": 0.1586,
        "lst": 40.8,
        "population": 100
      }
    },
    {
      "type": "Feature",
      "geometry": {
        "type": "Point",
        "coordinates": [
          46.745337,
          24.829331
        ]
      },
      "properties": {
        "x_epsg3857": 5203667.15,
        "y_epsg3857": 2854796.28,
        "ndvi": 0.01,
        "lst": 41.7,
        "population": 106
      }
    },
    {
      "type": "Feature",
      "geometry": {
        "type": "Point",
        "coordinates": [
          46.763513,
          24.829331
        ]
      },
      "properties": {
        "x_epsg3857": 5205690.45,
        "y_epsg3857": 2854796.28,
        "ndvi": 0.1437,
        "lst": 40.8,
        "population": 108
      }
    },
    {
      "type": "Feature",
      "geometry": {
        "type": "Point",
        "coordinates": [
          46.781689,
          24.829331
        ]
      },
      "properties": {
        "x_epsg3857": 5207713.76,
        "y_epsg3857": 2854796.28,
        "ndvi": 0.1013,
        "lst": 41,
        "population": 109
      }
    },
    {
      "type": "Feature",
      "geometry": {
        "type": "Point",
        "coordinates": [
          46.799864,
          24.829331
        ]
      },
      "properties": {
        "x_epsg3857": 5209737.06,
        "y_epsg3857": 2854796.28,
        "ndvi": 0.1473,
        "lst": 40.6,
        "population": 111
      }
    },
    {
      "type": "Feature",
      "geometry": {
        "type": "Point",
        "coordinates": [
          46.81804,
          24.829331
        ]
      },
      "properties": {
        "x_epsg3857": 5211760.36,
        "y_epsg3857": 2854796.28,
        "ndvi": 0.1655,
        "lst": 40.4,
        "population": 97
      }
    },
    {
      "type": "Feature",
      "geometry": {
        "type": "Point",
        "coordinates": [
          46.836216,
          24.829331
        ]
      },
      "properties": {
        "x_epsg3857": 5213783.67,
        "y_epsg3857": 2854796.28,
        "ndvi": 0.0861,
        "lst": 40.7,
        "population": 83
      }
    },
    {
      "type": "Feature",
      "geometry": {
        "type": "Point",
        "coordinates": [
          46.854391,
          24.829331
        ]
      },
      "properties": {
        "x_epsg3857": 5215806.97,
        "y_epsg3857": 2854796.28,
        "ndvi": 0.2131,
        "lst": 39.9,
        "population": 70
      }
    },
    {
      "type": "Feature",
      "geometry": {
        "type": "Point",
        "coordinates": [
          46.872567,
          24.829331
        ]
      },
      "properties": {
        "x_epsg3857": 5217830.28,
        "y_epsg3857": 2854796.28,
        "ndvi": 0.0601,
        "lst": 40.7,
        "population": 58
      }
    },
    {
      "type": "Feature",
      "geometry": {
        "type": "Point",
        "coordinates": [
          46.890743,
          24.829331
        ]
      },
      "properties": {
        "x_epsg3857": 5219853.58,
        "y_epsg3857": 2854796.28,
        "ndvi": 0.2132,
        "lst": 39.6,
        "population": 51
      }
    },
    {
      "type": "Feature",
      "geometry": {
        "type": "Point",
        "coordinates": [
          46.908918,
          24.829331
        ]
      },
      "properties": {
        "x_epsg3857": 5221876.88,
        "y_epsg3857": 2854796.28,
        "ndvi": 0.086,
        "lst": 40.2,
        "population": 40
      }
    },
    {
      "type": "Feature",
      "geometry": {
        "type": "Point",
        "coordinates": [
          46.927094,
          24.829331
        ]
      },
      "properties": {
        "x_epsg3857": 5223900.19,
        "y_epsg3857": 2854796.28,
        "ndvi": 0.1656,
        "lst": 39.6,
        "population": 36
      }
    },
    {
      "type": "Feature",
      "geometry": {
        "type": "Point",
        "coordinates": [
          46.945269,
          24.829331
        ]
      },
      "properties": {
        "x_epsg3857": 5225923.49,
        "y_epsg3857": 2854796.28,
        "ndvi": 0.1471,
        "lst": 39.6,
        "population": 29
      }
    },
    {
      "type": "Feature",
      "geometry": {
        "type": "Point",
        "coordinates": [
          46.963445,
          24.829331
        ]
      },
      "properties": {
        "x_epsg3857": 5227946.79,
        "y_epsg3857": 2854796.28,
        "ndvi": 0.1013,
        "lst": 39.7,
        "population": 26
      }
    },
    {
      "type": "Feature",
      "geometry": {
        "type": "Point",
        "coordinates": [
          46.981621,
          24.829331
        ]
      },
      "properties": {
        "x_epsg3857": 5229970.1,
        "y_epsg3857": 2854796.28,
        "ndvi": 0.2036,
        "lst": 39,
        "population": 24
      }
    },
    {
      "type": "Feature",
      "geometry": {
        "type": "Point",
        "coordinates": [
          46.999796,
          24.829331
        ]
      },
      "properties": {
        "x_epsg3857": 5231993.4,
        "y_epsg3857": 2854796.28,
        "ndvi": 0.0623,
        "lst": 39.7,
        "population": 23
      }
    },
    {
      "type": "Feature",
      "geometry": {
        "type": "Point",
        "coordinates": [
          46.4,
          24.845844
        ]
      },
      "properties": {
        "x_epsg3857": 5165224.37,
        "y_epsg3857": 2856821.83,
        "ndvi": 0.1272,
        "lst": 39.3,
        "population": 19
      }
    },
    {
      "type": "Feature",
      "geometry": {
        "type": "Point",
        "coordinates": [
          46.418176,
          24.845844
        ]
      },
      "properties": {
        "x_epsg3857": 5167247.68,
        "y_epsg3857": 2856821.83,
        "ndvi": 0.1774,
        "lst": 39.1,
        "population": 22
      }
    },
    {
      "type": "Feature",
      "geometry": {
        "type": "Point",
        "coordinates": [
          46.436351,
          24.845844
        ]
      },
      "properties": {
        "x_epsg3857": 5169270.98,
        "y_epsg3857": 2856821.83,
        "ndvi": 0.0843,
        "lst": 39.8,
        "population": 23
      }
    },
    {
      "type": "Feature",
      "geometry": {
        "type": "Point",
        "coordinates": [
          46.454527,
          24.845844
        ]
      },
      "properties": {
        "x_epsg3857": 5171294.28,
        "y_epsg3857": 2856821.83,
        "ndvi": 0.2044,
        "lst": 39.3,
        "population": 26
      }
    },
    {
      "type": "Feature",
      "geometry": {
        "type": "Point",
        "coordinates": [
          46.472703,
          24.845844
        ]
      },
      "properties": {
        "x_epsg3857": 5173317.59,
        "y_epsg3857": 2856821.83,
        "ndvi": 0.0777,
        "lst": 40.2,
        "population": 27
      }
    },
    {
      "type": "Feature",
      "geometry": {
        "type": "Point",
        "coordinates": [
          46.490878,
          24.845844
        ]
      },
      "properties": {
        "x_epsg3857": 5175340.89,
        "y_epsg3857": 2856821.83,
        "ndvi": 0.1895,
        "lst": 39.6,
        "population": 34
      }
    },
    {
      "type": "Feature",
      "geometry": {
        "type": "Point",
        "coordinates": [
          46.509054,
          24.845844
        ]
      },
      "properties": {
        "x_epsg3857": 5177364.2,
        "y_epsg3857": 2856821.83,
        "ndvi": 0.1116,
        "lst": 40.2,
        "population": 39
      }
    },
    {
      "type": "Feature",
      "geometry": {
        "type": "Point",
        "coordinates": [
          46.52723,
          24.845844
        ]
      },
      "properties": {
        "x_epsg3857": 5179387.5,
        "y_epsg3857": 2856821.83,
        "ndvi": 0.1424,
        "lst": 40.2,
        "population": 42
      }
    },
    {
      "type": "Feature",
      "geometry": {
        "type": "Point",
        "coordinates": [
          46.545405,
          24.845844
        ]
      },
      "properties": {
        "x_epsg3857": 5181410.8,
        "y_epsg3857": 2856821.83,
        "ndvi": 0.164,
        "lst": 40.1,
        "population": 45
      }
    },
    {
      "type": "Feature",
      "geometry": {
        "type": "Point",
        "coordinates": [
          46.563581,
          24.845844
        ]
      },
      "properties": {
        "x_epsg3857": 5183434.11,
        "y_epsg3857": 2856821.83,
        "ndvi": 0.0937,
        "lst": 40.7,
        "population": 50
      }
    },
    {
      "type": "Feature",
      "geometry": {
        "type": "Point",
        "coordinates": [
          46.581756,
          24.845844
        ]
      },
      "properties": {
        "x_epsg3857": 5185457.41,
        "y_epsg3857": 2856821.83,
        "ndvi": 0.2008,
        "lst": 40.1,
        "population": 55
      }
    },
    {
      "type": "Feature",
      "geometry": {
        "type": "Point",
        "coordinates": [
          46.599932,
          24.845844
        ]
      },
      "properties": {
        "x_epsg3857": 5187480.72,
        "y_epsg3857": 2856821.83,
        "ndvi": 0.0751,
        "lst": 41,
        "population": 63
      }
    },
    {
      "type": "Feature",
      "geometry": {
        "type": "Point",
        "coordinates": [
          46.618108,
          24.845844
        ]
      },
      "properties": {
        "x_epsg3857": 5189504.02,
        "y_epsg3857": 2856821.83,
        "ndvi": 0.1979,
        "lst": 40.3,
        "population": 67
      }
    },
    {
      "type": "Feature",
      "geometry": {
        "type": "Point",
        "coordinates": [
          46.636283,
          24.845844
        ]
      },
      "properties": {
        "x_epsg3857": 5191527.32,
        "y_epsg3857": 2856821.83,
        "ndvi": 0.0988,
        "lst": 41,
        "population": 70
      }
    },
    {
      "type": "Feature",
      "geometry": {
        "type": "Point",
        "coordinates": [
          46.654459,
          24.845844
        ]
      },
      "properties": {
        "x_epsg3857": 5193550.63,
        "y_epsg3857": 2856821.83,
        "ndvi": 0.1574,
        "lst": 40.7,
        "population": 76
      }
    },
    {
      "type": "Feature",
      "geometry": {
        "type": "Point",
        "coordinates": [
          46.672635,
          24.845844
        ]
      },
      "properties": {
        "x_epsg3857": 5195573.93,
        "y_epsg3857": 2856821.83,
        "ndvi": 0.0893,
        "lst": 41.1,
        "population": 81
      }
    },
    {
      "type": "Feature",
      "geometry": {
        "type": "Point",
        "coordinates": [
          46.69081,
          24.845844
        ]
      },
      "properties": {
        "x_epsg3857": 5197597.24,
        "y_epsg3857": 2856821.83,
        "ndvi": 0.0455,
        "lst": 41.4,
        "population": 84
      }
    },
    {
      "type": "Feature",
      "geometry": {
        "type": "Point",
        "coordinates": [
          46.708986,
          24.845844
        ]
      },
      "properties": {
        "x_epsg3857": 5199620.54,
        "y_epsg3857": 2856821.83,
        "ndvi": 0.1338,
        "lst": 40.9,
        "population": 88
      }
    },
    {
      "type": "Feature",
      "geometry": {
        "type": "Point",
        "coordinates": [
          46.727162,
          24.845844
        ]
      },
      "properties": {
        "x_epsg3857": 5201643.84,
        "y_epsg3857": 2856821.83,
        "ndvi": 0.0161,
        "lst": 41.6,
        "population": 90
      }
    },
    {
      "type": "Feature",
      "geometry": {
        "type": "Point",
        "coordinates": [
          46.745337,
          24.845844
        ]
      },
      "properties": {
        "x_epsg3857": 5203667.15,
        "y_epsg3857": 2856821.83,
        "ndvi": 0.2032,
        "lst": 40.4,
        "population": 93
      }
    },
    {
      "type": "Feature",
      "geometry": {
        "type": "Point",
        "coordinates": [
          46.763513,
          24.845844
        ]
      },
      "properties": {
        "x_epsg3857": 5205690.45,
        "y_epsg3857": 2856821.83,
        "ndvi": 0.0883,
        "lst": 41.1,
        "population": 92
      }
    },
    {
      "type": "Feature",
      "geometry": {
        "type": "Point",
        "coordinates": [
          46.781689,
          24.845844
        ]
      },
      "properties": {
        "x_epsg3857": 5207713.76,
        "y_epsg3857": 2856821.83,
        "ndvi": 0.1715,
        "lst": 40.5,
        "population": 94
      }
    },
    {
      "type": "Feature",
      "geometry": {
        "type": "Point",
        "coordinates": [
          46.799864,
          24.845844
        ]
      },
      "properties": {
        "x_epsg3857": 5209737.06,
        "y_epsg3857": 2856821.83,
        "ndvi": 0.1341,
        "lst": 40.6,
        "population": 90
      }
    },
    {
      "type": "Feature",
      "geometry": {
        "type": "Point",
        "coordinates": [
          46.81804,
          24.845844
        ]
      },
      "properties": {
        "x_epsg3857": 5211760.36,
        "y_epsg3857": 2856821.83,
        "ndvi": 0.1193,
        "lst": 40.6,
        "population": 84
      }
    },
    {
      "type": "Feature",
      "geometry": {
        "type": "Point",
        "coordinates": [
          46.836216,
          24.845844
        ]
      },
      "properties": {
        "x_epsg3857": 5213783.67,
        "y_epsg3857": 2856821.83,
        "ndvi": 0.1838,
        "lst": 40.1,
        "population": 74
      }
    },
    {
      "type": "Feature",
      "geometry": {
        "type": "Point",
        "coordinates": [
          46.854391,
          24.845844
        ]
      },
      "properties": {
        "x_epsg3857": 5215806.97,
        "y_epsg3857": 2856821.83,
        "ndvi": 0.0806,
        "lst": 40.6,
        "population": 65
      }
    },
    {
      "type": "Feature",
      "geometry": {
        "type": "Point",
        "coordinates": [
          46.872567,
          24.845844
        ]
      },
      "properties": {
        "x_epsg3857": 5217830.28,
        "y_epsg3857": 2856821.83,
        "ndvi": 0.205,
        "lst": 39.8,
        "population": 55
      }
    },
    {
      "type": "Feature",
      "geometry": {
        "type": "Point",
        "coordinates": [
          46.890743,
          24.845844
        ]
      },
      "properties": {
        "x_epsg3857": 5219853.58,
        "y_epsg3857": 2856821.83,
        "ndvi": 0.0805,
        "lst": 40.4,
        "population": 46
      }
    },
    {
      "type": "Feature",
      "geometry": {
        "type": "Point",
        "coordinates": [
          46.908918,
          24.845844
        ]
      },
      "properties": {
        "x_epsg3857": 5221876.88,
        "y_epsg3857": 2856821.83,
        "ndvi": 0.1839,
        "lst": 39.7,
        "population": 37
      }
    },
    {
      "type": "Feature",
      "geometry": {
        "type": "Point",
        "coordinates": [
          46.927094,
          24.845844
        ]
      },
      "properties": {
        "x_epsg3857": 5223900.19,
        "y_epsg3857": 2856821.83,
        "ndvi": 0.1192,
        "lst": 39.9,
        "population": 33
      }
    },
    {
      "type": "Feature",
      "geometry": {
        "type": "Point",
        "coordinates": [
          46.945269,
          24.845844
        ]
      },
      "properties": {
        "x_epsg3857": 5225923.49,
        "y_epsg3857": 2856821.83,
        "ndvi": 0.1342,
        "lst": 39.7,
        "population": 29
      }
    },
    {
      "type": "Feature",
      "geometry": {
        "type": "Point",
        "coordinates": [
          46.963445,
          24.845844
        ]
      },
      "properties": {
        "x_epsg3857": 5227946.79,
        "y_epsg3857": 2856821.83,
        "ndvi": 0.1714,
        "lst": 39.3,
        "population": 25
      }
    },
    {
      "type": "Feature",
      "geometry": {
        "type": "Point",
        "coordinates": [
          46.981621,
          24.845844
        ]
      },
      "properties": {
        "x_epsg3857": 5229970.1,
        "y_epsg3857": 2856821.83,
        "ndvi": 0.0883,
        "lst": 39.7,
        "population": 24
      }
    },
    {
      "type": "Feature",
      "geometry": {
        "type": "Point",
        "coordinates": [
          46.999796,
          24.845844
        ]
      },
      "properties": {
        "x_epsg3857": 5231993.4,
        "y_epsg3857": 2856821.83,
        "ndvi": 0.2032,
        "lst": 38.8,
        "population": 18
      }
    },
    {
      "type": "Feature",
      "geometry": {
        "type": "Point",
        "coordinates": [
          46.4,
          24.862356
        ]
      },
      "properties": {
        "x_epsg3857": 5165224.37,
        "y_epsg3857": 2858847.64,
        "ndvi": 0.1444,
        "lst": 37.7,
        "population": 17
      }
    },
    {
      "type": "Feature",
      "geometry": {
        "type": "Point",
        "coordinates": [
          46.418176,
          24.862356
        ]
      },
      "properties": {
        "x_epsg3857": 5167247.68,
        "y_epsg3857": 2858847.64,
        "ndvi": 0.1271,
        "lst": 38,
        "population": 21
      }
    },
    {
      "type": "Feature",
      "geometry": {
        "type": "Point",
        "coordinates": [
          46.436351,
          24.862356
        ]
      },
      "properties": {
        "x_epsg3857": 5169270.98,
        "y_epsg3857": 2858847.64,
        "ndvi": 0.1591,
        "lst": 37.9,
        "population": 24
      }
    },
    {
      "type": "Feature",
      "geometry": {
        "type": "Point",
        "coordinates": [
          46.454527,
          24.862356
        ]
      },
      "properties": {
        "x_epsg3857": 5171294.28,
        "y_epsg3857": 2858847.64,
        "ndvi": 0.1178,
        "lst": 38.3,
        "population": 26
      }
    },
    {
      "type": "Feature",
      "geometry": {
        "type": "Point",
        "coordinates": [
          46.472703,
          24.862356
        ]
      },
      "properties": {
        "x_epsg3857": 5173317.59,
        "y_epsg3857": 2858847.64,
        "ndvi": 0.1614,
        "lst": 38.2,
        "population": 27
      }
    },
    {
      "type": "Feature",
      "geometry": {
        "type": "Point",
        "coordinates": [
          46.490878,
          24.862356
        ]
      },
      "properties": {
        "x_epsg3857": 5175340.89,
        "y_epsg3857": 2858847.64,
        "ndvi": 0.123,
        "lst": 38.5,
        "population": 32
      }
    },
    {
      "type": "Feature",
      "geometry": {
        "type": "Point",
        "coordinates": [
          46.509054,
          24.862356
        ]
      },
      "properties": {
        "x_epsg3857": 5177364.2,
        "y_epsg3857": 2858847.64,
        "ndvi": 0.1497,
        "lst": 38.5,
        "population": 33
      }
    },
    {
      "type": "Feature",
      "geometry": {
        "type": "Point",
        "coordinates": [
          46.52723,
          24.862356
        ]
      },
      "properties": {
        "x_epsg3857": 5179387.5,
        "y_epsg3857": 2858847.64,
        "ndvi": 0.1392,
        "lst": 38.7,
        "population": 39
      }
    },
    {
      "type": "Feature",
      "geometry": {
        "type": "Point",
        "coordinates": [
          46.545405,
          24.862356
        ]
      },
      "properties": {
        "x_epsg3857": 5181410.8,
        "y_epsg3857": 2858847.64,
        "ndvi": 0.1317,
        "lst": 38.8,
        "population": 42
      }
    },
    {
      "type": "Feature",
      "geometry": {
        "type": "Point",
        "coordinates": [
          46.563581,
          24.862356
        ]
      },
      "properties": {
        "x_epsg3857": 5183434.11,
        "y_epsg3857": 2858847.64,
        "ndvi": 0.1559,
        "lst": 38.8,
        "population": 46
      }
    },
    {
      "type": "Feature",
      "geometry": {
        "type": "Point",
        "coordinates": [
          46.581756,
          24.862356
        ]
      },
      "properties": {
        "x_epsg3857": 5185457.41,
        "y_epsg3857": 2858847.64,
        "ndvi": 0.1191,
        "lst": 39.1,
        "population": 52
      }
    },
    {
      "type": "Feature",
      "geometry": {
        "type": "Point",
        "coordinates": [
          46.599932,
          24.862356
        ]
      },
      "properties": {
        "x_epsg3857": 5187480.72,
        "y_epsg3857": 2858847.64,
        "ndvi": 0.1623,
        "lst": 38.9,
        "population": 55
      }
    },
    {
      "type": "Feature",
      "geometry": {
        "type": "Point",
        "coordinates": [
          46.618108,
          24.862356
        ]
      },
      "properties": {
        "x_epsg3857": 5189504.02,
        "y_epsg3857": 2858847.64,
        "ndvi": 0.1201,
        "lst": 39.3,
        "population": 59
      }
    },
    {
      "type": "Feature",
      "geometry": {
        "type": "Point",
        "coordinates": [
          46.636283,
          24.862356
        ]
      },
      "properties": {
        "x_epsg3857": 5191527.32,
        "y_epsg3857": 2858847.64,
        "ndvi": 0.1542,
        "lst": 39.1,
        "population": 64
      }
    },
    {
      "type": "Feature",
      "geometry": {
        "type": "Point",
        "coordinates": [
          46.654459,
          24.862356
        ]
      },
      "properties": {
        "x_epsg3857": 5193550.63,
        "y_epsg3857": 2858847.64,
        "ndvi": 0.134,
        "lst": 39.3,
        "population": 65
      }
    },
    {
      "type": "Feature",
      "geometry": {
        "type": "Point",
        "coordinates": [
          46.672635,
          24.862356
        ]
      },
      "properties": {
        "x_epsg3857": 5195573.93,
        "y_epsg3857": 2858847.64,
        "ndvi": 0.1368,
        "lst": 39.3,
        "population": 69
      }
    },
    {
      "type": "Feature",
      "geometry": {
        "type": "Point",
        "coordinates": [
          46.69081,
          24.862356
        ]
      },
      "properties": {
        "x_epsg3857": 5197597.24,
        "y_epsg3857": 2858847.64,
        "ndvi": 0.1519,
        "lst": 39.2,
        "population": 71
      }
    },
    {
      "type": "Feature",
      "geometry": {
        "type": "Point",
        "coordinates": [
          46.708986,
          24.862356
        ]
      },
      "properties": {
        "x_epsg3857": 5199620.54,
        "y_epsg3857": 2858847.64,
        "ndvi": 0.1215,
        "lst": 39.4,
        "population": 73
      }
    },
    {
      "type": "Feature",
      "geometry": {
        "type": "Point",
        "coordinates": [
          46.727162,
          24.862356
        ]
      },
      "properties": {
        "x_epsg3857": 5201643.84,
        "y_epsg3857": 2858847.64,
        "ndvi": 0.162,
        "lst": 39.2,
        "population": 79
      }
    },
    {
      "type": "Feature",
      "geometry": {
        "type": "Point",
        "coordinates": [
          46.745337,
          24.862356
        ]
      },
      "properties": {
        "x_epsg3857": 5203667.15,
        "y_epsg3857": 2858847.64,
        "ndvi": 0.1183,
        "lst": 39.4,
        "population": 78
      }
    },
    {
      "type": "Feature",
      "geometry": {
        "type": "Point",
        "coordinates": [
          46.763513,
          24.862356
        ]
      },
      "properties": {
        "x_epsg3857": 5205690.45,
        "y_epsg3857": 2858847.64,
        "ndvi": 0.1578,
        "lst": 39.1,
        "population": 79
      }
    },
    {
      "type": "Feature",
      "geometry": {
        "type": "Point",
        "coordinates": [
          46.781689,
          24.862356
        ]
      },
      "properties": {
        "x_epsg3857": 5207713.76,
        "y_epsg3857": 2858847.64,
        "ndvi": 0.1292,
        "lst": 39.2,
        "population": 79
      }
    },
    {
      "type": "Feature",
      "geometry": {
        "type": "Point",
        "coordinates": [
          46.799864,
          24.862356
        ]
      },
      "properties": {
        "x_epsg3857": 5209737.06,
        "y_epsg3857": 2858847.64,
        "ndvi": 0.142,
        "lst": 39.1,
        "population": 74
      }
    },
    {
      "type": "Feature",
      "geometry": {
        "type": "Point",
        "coordinates": [
          46.81804,
          24.862356
        ]
      },
      "properties": {
        "x_epsg3857": 5211760.36,
        "y_epsg3857": 2858847.64,
        "ndvi": 0.1471,
        "lst": 38.9,
        "population": 68
      }
    },
    {
      "type": "Feature",
      "geometry": {
        "type": "Point",
        "coordinates": [
          46.836216,
          24.862356
        ]
      },
      "properties": {
        "x_epsg3857": 5213783.67,
        "y_epsg3857": 2858847.64,
        "ndvi": 0.1249,
        "lst": 39,
        "population": 65
      }
    },
    {
      "type": "Feature",
      "geometry": {
        "type": "Point",
        "coordinates": [
          46.854391,
          24.862356
        ]
      },
      "properties": {
        "x_epsg3857": 5215806.97,
        "y_epsg3857": 2858847.64,
        "ndvi": 0.1604,
        "lst": 38.7,
        "population": 55
      }
    },
    {
      "type": "Feature",
      "geometry": {
        "type": "Point",
        "coordinates": [
          46.872567,
          24.862356
        ]
      },
      "properties": {
        "x_epsg3857": 5217830.28,
        "y_epsg3857": 2858847.64,
        "ndvi": 0.1177,
        "lst": 38.8,
        "population": 50
      }
    },
    {
      "type": "Feature",
      "geometry": {
        "type": "Point",
        "coordinates": [
          46.890743,
          24.862356
        ]
      },
      "properties": {
        "x_epsg3857": 5219853.58,
        "y_epsg3857": 2858847.64,
        "ndvi": 0.1604,
        "lst": 38.4,
        "population": 42
      }
    },
    {
      "type": "Feature",
      "geometry": {
        "type": "Point",
        "coordinates": [
          46.908918,
          24.862356
        ]
      },
      "properties": {
        "x_epsg3857": 5221876.88,
        "y_epsg3857": 2858847.64,
        "ndvi": 0.1249,
        "lst": 38.5,
        "population": 34
      }
    },
    {
      "type": "Feature",
      "geometry": {
        "type": "Point",
        "coordinates": [
          46.927094,
          24.862356
        ]
      },
      "properties": {
        "x_epsg3857": 5223900.19,
        "y_epsg3857": 2858847.64,
        "ndvi": 0.1471,
        "lst": 38.3,
        "population": 31
      }
    },
    {
      "type": "Feature",
      "geometry": {
        "type": "Point",
        "coordinates": [
          46.945269,
          24.862356
        ]
      },
      "properties": {
        "x_epsg3857": 5225923.49,
        "y_epsg3857": 2858847.64,
        "ndvi": 0.142,
        "lst": 38.2,
        "population": 25
      }
    },
    {
      "type": "Feature",
      "geometry": {
        "type": "Point",
        "coordinates": [
          46.963445,
          24.862356
        ]
      },
      "properties": {
        "x_epsg3857": 5227946.79,
        "y_epsg3857": 2858847.64,
        "ndvi": 0.1292,
        "lst": 38.1,
        "population": 23
      }
    },
    {
      "type": "Feature",
      "geometry": {
        "type": "Point",
        "coordinates": [
          46.981621,
          24.862356
        ]
      },
      "properties": {
        "x_epsg3857": 5229970.1,
        "y_epsg3857": 2858847.64,
        "ndvi": 0.1578,
        "lst": 37.8,
        "population": 20
      }
    },
    {
      "type": "Feature",
      "geometry": {
        "type": "Point",
        "coordinates": [
          46.999796,
          24.862356
        ]
      },
      "properties": {
        "x_epsg3857": 5231993.4,
        "y_epsg3857": 2858847.64,
        "ndvi": 0.1183,
        "lst": 37.9,
        "population": 18
      }
    },
    {
      "type": "Feature",
      "geometry": {
        "type": "Point",
        "coordinates": [
          46.4,
          24.878869
        ]
      },
      "properties": {
        "x_epsg3857": 5165224.37,
        "y_epsg3857": 2860873.73,
        "ndvi": 0.1459,
        "lst": 36.9,
        "population": 14
      }
    },
    {
      "type": "Feature",
      "geometry": {
        "type": "Point",
        "coordinates": [
          46.418176,
          24.878869
        ]
      },
      "properties": {
        "x_epsg3857": 5167247.68,
        "y_epsg3857": 2860873.73,
        "ndvi": 0.1228,
        "lst": 37.1,
        "population": 19
      }
    },
    {
      "type": "Feature",
      "geometry": {
        "type": "Point",
        "coordinates": [
          46.436351,
          24.878869
        ]
      },
      "properties": {
        "x_epsg3857": 5169270.98,
        "y_epsg3857": 2860873.73,
        "ndvi": 0.1655,
        "lst": 37,
        "population": 21
      }
    },
    {
      "type": "Feature",
      "geometry": {
        "type": "Point",
        "coordinates": [
          46.454527,
          24.878869
        ]
      },
      "properties": {
        "x_epsg3857": 5171294.28,
        "y_epsg3857": 2860873.73,
        "ndvi": 0.1104,
        "lst": 37.5,
        "population": 23
      }
    },
    {
      "type": "Feature",
      "geometry": {
        "type": "Point",
        "coordinates": [
          46.472703,
          24.878869
        ]
      },
      "properties": {
        "x_epsg3857": 5173317.59,
        "y_epsg3857": 2860873.73,
        "ndvi": 0.1686,
        "lst": 37.3,
        "population": 25
      }
    },
    {
      "type": "Feature",
      "geometry": {
        "type": "Point",
        "coordinates": [
          46.490878,
          24.878869
        ]
      },
      "properties": {
        "x_epsg3857": 5175340.89,
        "y_epsg3857": 2860873.73,
        "ndvi": 0.1173,
        "lst": 37.7,
        "population": 25
      }
    },
    {
      "type": "Feature",
      "geometry": {
        "type": "Point",
        "coordinates": [
          46.509054,
          24.878869
        ]
      },
      "properties": {
        "x_epsg3857": 5177364.2,
        "y_epsg3857": 2860873.73,
        "ndvi": 0.153,
        "lst": 37.6,
        "population": 29
      }
    },
    {
      "type": "Feature",
      "geometry": {
        "type": "Point",
        "coordinates": [
          46.52723,
          24.878869
        ]
      },
      "properties": {
        "x_epsg3857": 5179387.5,
        "y_epsg3857": 2860873.73,
        "ndvi": 0.1389,
        "lst": 37.8,
        "population": 35
      }
    },
    {
      "type": "Feature",
      "geometry": {
        "type": "Point",
        "coordinates": [
          46.545405,
          24.878869
        ]
      },
      "properties": {
        "x_epsg3857": 5181410.8,
        "y_epsg3857": 2860873.73,
        "ndvi": 0.129,
        "lst": 38,
        "population": 39
      }
    },
    {
      "type": "Feature",
      "geometry": {
        "type": "Point",
        "coordinates": [
          46.563581,
          24.878869
        ]
      },
      "properties": {
        "x_epsg3857": 5183434.11,
        "y_epsg3857": 2860873.73,
        "ndvi": 0.1613,
        "lst": 37.9,
        "population": 40
      }
    },
    {
      "type": "Feature",
      "geometry": {
        "type": "Point",
        "coordinates": [
          46.581756,
          24.878869
        ]
      },
      "properties": {
        "x_epsg3857": 5185457.41,
        "y_epsg3857": 2860873.73,
        "ndvi": 0.1121,
        "lst": 38.3,
        "population": 43
      }
    },
    {
      "type": "Feature",
      "geometry": {
        "type": "Point",
        "coordinates": [
          46.599932,
          24.878869
        ]
      },
      "properties": {
        "x_epsg3857": 5187480.72,
        "y_epsg3857": 2860873.73,
        "ndvi": 0.1698,
        "lst": 38,
        "population": 47
      }
    },
    {
      "type": "Feature",
      "geometry": {
        "type": "Point",
        "coordinates": [
          46.618108,
          24.878869
        ]
      },
      "properties": {
        "x_epsg3857": 5189504.02,
        "y_epsg3857": 2860873.73,
        "ndvi": 0.1134,
        "lst": 38.4,
        "population": 54
      }
    },
    {
      "type": "Feature",
      "geometry": {
        "type": "Point",
        "coordinates": [
          46.636283,
          24.878869
        ]
      },
      "properties": {
        "x_epsg3857": 5191527.32,
        "y_epsg3857": 2860873.73,
        "ndvi": 0.1589,
        "lst": 38.2,
        "population": 57
      }
    },
    {
      "type": "Feature",
      "geometry": {
        "type": "Point",
        "coordinates": [
          46.654459,
          24.878869
        ]
      },
      "properties": {
        "x_epsg3857": 5193550.63,
        "y_epsg3857": 2860873.73,
        "ndvi": 0.132,
        "lst": 38.4,
        "population": 58
      }
    },
    {
      "type": "Feature",
      "geometry": {
        "type": "Point",
        "coordinates": [
          46.672635,
          24.878869
        ]
      },
      "properties": {
        "x_epsg3857": 5195573.93,
        "y_epsg3857": 2860873.73,
        "ndvi": 0.1357,
        "lst": 38.4,
        "population": 59
      }
    },
    {
      "type": "Feature",
      "geometry": {
        "type": "Point",
        "coordinates": [
          46.69081,
          24.878869
        ]
      },
      "properties": {
        "x_epsg3857": 5197597.24,
        "y_epsg3857": 2860873.73,
        "ndvi": 0.1558,
        "lst": 38.3,
        "population": 66
      }
    },
    {
      "type": "Feature",
      "geometry": {
        "type": "Point",
        "coordinates": [
          46.708986,
          24.878869
        ]
      },
      "properties": {
        "x_epsg3857": 5199620.54,
        "y_epsg3857": 2860873.73,
        "ndvi": 0.1153,
        "lst": 38.5,
        "population": 68
      }
    },
    {
      "type": "Feature",
      "geometry": {
        "type": "Point",
        "coordinates": [
          46.727162,
          24.878869
        ]
      },
      "properties": {
        "x_epsg3857": 5201643.84,
        "y_epsg3857": 2860873.73,
        "ndvi": 0.1693,
        "lst": 38.2,
        "population": 68
      }
    },
    {
      "type": "Feature",
      "geometry": {
        "type": "Point",
        "coordinates": [
          46.745337,
          24.878869
        ]
      },
      "properties": {
        "x_epsg3857": 5203667.15,
        "y_epsg3857": 2860873.73,
        "ndvi": 0.111,
        "lst": 38.5,
        "population": 66
      }
    },
    {
      "type": "Feature",
      "geometry": {
        "type": "Point",
        "coordinates": [
          46.763513,
          24.878869
        ]
      },
      "properties": {
        "x_epsg3857": 5205690.45,
        "y_epsg3857": 2860873.73,
        "ndvi": 0.1637,
        "lst": 38.2,
        "population": 68
      }
    },
    {
      "type": "Feature",
      "geometry": {
        "type": "Point",
        "coordinates": [
          46.781689,
          24.878869
        ]
      },
      "properties": {
        "x_epsg3857": 5207713.76,
        "y_epsg3857": 2860873.73,
        "ndvi": 0.1256,
        "lst": 38.3,
        "population": 68
      }
    },
    {
      "type": "Feature",
      "geometry": {
        "type": "Point",
        "coordinates": [
          46.799864,
          24.878869
        ]
      },
      "properties": {
        "x_epsg3857": 5209737.06,
        "y_epsg3857": 2860873.73,
        "ndvi": 0.1427,
        "lst": 38.2,
        "population": 62
      }
    },
    {
      "type": "Feature",
      "geometry": {
        "type": "Point",
        "coordinates": [
          46.81804,
          24.878869
        ]
      },
      "properties": {
        "x_epsg3857": 5211760.36,
        "y_epsg3857": 2860873.73,
        "ndvi": 0.1495,
        "lst": 38,
        "population": 61
      }
    },
    {
      "type": "Feature",
      "geometry": {
        "type": "Point",
        "coordinates": [
          46.836216,
          24.878869
        ]
      },
      "properties": {
        "x_epsg3857": 5213783.67,
        "y_epsg3857": 2860873.73,
        "ndvi": 0.1199,
        "lst": 38.1,
        "population": 54
      }
    },
    {
      "type": "Feature",
      "geometry": {
        "type": "Point",
        "coordinates": [
          46.854391,
          24.878869
        ]
      },
      "properties": {
        "x_epsg3857": 5215806.97,
        "y_epsg3857": 2860873.73,
        "ndvi": 0.1673,
        "lst": 37.7,
        "population": 50
      }
    },
    {
      "type": "Feature",
      "geometry": {
        "type": "Point",
        "coordinates": [
          46.872567,
          24.878869
        ]
      },
      "properties": {
        "x_epsg3857": 5217830.28,
        "y_epsg3857": 2860873.73,
        "ndvi": 0.1102,
        "lst": 38,
        "population": 44
      }
    },
    {
      "type": "Feature",
      "geometry": {
        "type": "Point",
        "coordinates": [
          46.890743,
          24.878869
        ]
      },
      "properties": {
        "x_epsg3857": 5219853.58,
        "y_epsg3857": 2860873.73,
        "ndvi": 0.1673,
        "lst": 37.5,
        "population": 40
      }
    },
    {
      "type": "Feature",
      "geometry": {
        "type": "Point",
        "coordinates": [
          46.908918,
          24.878869
        ]
      },
      "properties": {
        "x_epsg3857": 5221876.88,
        "y_epsg3857": 2860873.73,
        "ndvi": 0.1199,
        "lst": 37.7,
        "population": 34
      }
    },
    {
      "type": "Feature",
      "geometry": {
        "type": "Point",
        "coordinates": [
          46.927094,
          24.878869
        ]
      },
      "properties": {
        "x_epsg3857": 5223900.19,
        "y_epsg3857": 2860873.73,
        "ndvi": 0.1495,
        "lst": 37.4,
        "population": 31
      }
    },
    {
      "type": "Feature",
      "geometry": {
        "type": "Point",
        "coordinates": [
          46.945269,
          24.878869
        ]
      },
      "properties": {
        "x_epsg3857": 5225923.49,
        "y_epsg3857": 2860873.73,
        "ndvi": 0.1427,
        "lst": 37.3,
        "population": 24
      }
    },
    {
      "type": "Feature",
      "geometry": {
        "type": "Point",
        "coordinates": [
          46.963445,
          24.878869
        ]
      },
      "properties": {
        "x_epsg3857": 5227946.79,
        "y_epsg3857": 2860873.73,
        "ndvi": 0.1256,
        "lst": 37.3,
        "population": 22
      }
    },
    {
      "type": "Feature",
      "geometry": {
        "type": "Point",
        "coordinates": [
          46.981621,
          24.878869
        ]
      },
      "properties": {
        "x_epsg3857": 5229970.1,
        "y_epsg3857": 2860873.73,
        "ndvi": 0.1637,
        "lst": 36.9,
        "population": 21
      }
    },
    {
      "type": "Feature",
      "geometry": {
        "type": "Point",
        "coordinates": [
          46.999796,
          24.878869
        ]
      },
      "properties": {
        "x_epsg3857": 5231993.4,
        "y_epsg3857": 2860873.73,
        "ndvi": 0.111,
        "lst": 37.1,
        "population": 16
      }
    },
    {
      "type": "Feature",
      "geometry": {
        "type": "Point",
        "coordinates": [
          46.4,
          24.895382
        ]
      },
      "properties": {
        "x_epsg3857": 5165224.37,
        "y_epsg3857": 2862900.09,
        "ndvi": 0.1263,
        "lst": 37.9,
        "population": 14
      }
    },
    {
      "type": "Feature",
      "geometry": {
        "type": "Point",
        "coordinates": [
          46.418176,
          24.895382
        ]
      },
      "properties": {
        "x_epsg3857": 5167247.68,
        "y_epsg3857": 2862900.09,
        "ndvi": 0.1799,
        "lst": 37.8,
        "population": 17
      }
    },
    {
      "type": "Feature",
      "geometry": {
        "type": "Point",
        "coordinates": [
          46.436351,
          24.895382
        ]
      },
      "properties": {
        "x_epsg3857": 5169270.98,
        "y_epsg3857": 2862900.09,
        "ndvi": 0.0807,
        "lst": 38.5,
        "population": 18
      }
    },
    {
      "type": "Feature",
      "geometry": {
        "type": "Point",
        "coordinates": [
          46.454527,
          24.895382
        ]
      },
      "properties": {
        "x_epsg3857": 5171294.28,
        "y_epsg3857": 2862900.09,
        "ndvi": 0.2087,
        "lst": 37.8,
        "population": 19
      }
    },
    {
      "type": "Feature",
      "geometry": {
        "type": "Point",
        "coordinates": [
          46.472703,
          24.895382
        ]
      },
      "properties": {
        "x_epsg3857": 5173317.59,
        "y_epsg3857": 2862900.09,
        "ndvi": 0.0736,
        "lst": 38.8,
        "population": 23
      }
    },
    {
      "type": "Feature",
      "geometry": {
        "type": "Point",
        "coordinates": [
          46.490878,
          24.895382
        ]
      },
      "properties": {
        "x_epsg3857": 5175340.89,
        "y_epsg3857": 2862900.09,
        "ndvi": 0.1928,
        "lst": 38.2,
        "population": 25
      }
    },
    {
      "type": "Feature",
      "geometry": {
        "type": "Point",
        "coordinates": [
          46.509054,
          24.895382
        ]
      },
      "properties": {
        "x_epsg3857": 5177364.2,
        "y_epsg3857": 2862900.09,
        "ndvi": 0.1098,
        "lst": 38.8,
        "population": 29
      }
    },
    {
      "type": "Feature",
      "geometry": {
        "type": "Point",
        "coordinates": [
          46.52723,
          24.895382
        ]
      },
      "properties": {
        "x_epsg3857": 5179387.5,
        "y_epsg3857": 2862900.09,
        "ndvi": 0.1425,
        "lst": 38.7,
        "population": 31
      }
    },
    {
      "type": "Feature",
      "geometry": {
        "type": "Point",
        "coordinates": [
          46.545405,
          24.895382
        ]
      },
      "properties": {
        "x_epsg3857": 5181410.8,
        "y_epsg3857": 2862900.09,
        "ndvi": 0.1656,
        "lst": 38.7,
        "population": 33
      }
    },
    {
      "type": "Feature",
      "geometry": {
        "type": "Point",
        "coordinates": [
          46.563581,
          24.895382
        ]
      },
      "properties": {
        "x_epsg3857": 5183434.11,
        "y_epsg3857": 2862900.09,
        "ndvi": 0.0906,
        "lst": 39.2,
        "population": 38
      }
    },
    {
      "type": "Feature",
      "geometry": {
        "type": "Point",
        "coordinates": [
          46.581756,
          24.895382
        ]
      },
      "properties": {
        "x_epsg3857": 5185457.41,
        "y_epsg3857": 2862900.09,
        "ndvi": 0.2048,
        "lst": 38.6,
        "population": 42
      }
    },
    {
      "type": "Feature",
      "geometry": {
        "type": "Point",
        "coordinates": [
          46.599932,
          24.895382
        ]
      },
      "properties": {
        "x_epsg3857": 5187480.72,
        "y_epsg3857": 2862900.09,
        "ndvi": 0.0709,
        "lst": 39.5,
        "population": 43
      }
    },
    {
      "type": "Feature",
      "geometry": {
        "type": "Point",
        "coordinates": [
          46.618108,
          24.895382
        ]
      },
      "properties": {
        "x_epsg3857": 5189504.02,
        "y_epsg3857": 2862900.09,
        "ndvi": 0.2018,
        "lst": 38.8,
        "population": 45
      }
    },
    {
      "type": "Feature",
      "geometry": {
        "type": "Point",
        "coordinates": [
          46.636283,
          24.895382
        ]
      },
      "properties": {
        "x_epsg3857": 5191527.32,
        "y_epsg3857": 2862900.09,
        "ndvi": 0.0961,
        "lst": 39.5,
        "population": 50
      }
    },
    {
      "type": "Feature",
      "geometry": {
        "type": "Point",
        "coordinates": [
          46.654459,
          24.895382
        ]
      },
      "properties": {
        "x_epsg3857": 5193550.63,
        "y_epsg3857": 2862900.09,
        "ndvi": 0.1586,
        "lst": 39.1,
        "population": 53
      }
    },
    {
      "type": "Feature",
      "geometry": {
        "type": "Point",
        "coordinates": [
          46.672635,
          24.895382
        ]
      },
      "properties": {
        "x_epsg3857": 5195573.93,
        "y_epsg3857": 2862900.09,
        "ndvi": 0.1499,
        "lst": 39.2,
        "population": 54
      }
    },
    {
      "type": "Feature",
      "geometry": {
        "type": "Point",
        "coordinates": [
          46.69081,
          24.895382
        ]
      },
      "properties": {
        "x_epsg3857": 5197597.24,
        "y_epsg3857": 2862900.09,
        "ndvi": 0.1033,
        "lst": 39.5,
        "population": 53
      }
    },
    {
      "type": "Feature",
      "geometry": {
        "type": "Point",
        "coordinates": [
          46.708986,
          24.895382
        ]
      },
      "properties": {
        "x_epsg3857": 5199620.54,
        "y_epsg3857": 2862900.09,
        "ndvi": 0.1973,
        "lst": 38.9,
        "population": 54
      }
    },
    {
      "type": "Feature",
      "geometry": {
        "type": "Point",
        "coordinates": [
          46.727162,
          24.895382
        ]
      },
      "properties": {
        "x_epsg3857": 5201643.84,
        "y_epsg3857": 2862900.09,
        "ndvi": 0.0719,
        "lst": 39.7,
        "population": 56
      }
    },
    {
      "type": "Feature",
      "geometry": {
        "type": "Point",
        "coordinates": [
          46.745337,
          24.895382
        ]
      },
      "properties": {
        "x_epsg3857": 5203667.15,
        "y_epsg3857": 2862900.09,
        "ndvi": 0.2074,
        "lst": 38.8,
        "population": 60
      }
    },
    {
      "type": "Feature",
      "geometry": {
        "type": "Point",
        "coordinates": [
          46.763513,
          24.895382
        ]
      },
      "properties": {
        "x_epsg3857": 5205690.45,
        "y_epsg3857": 2862900.09,
        "ndvi": 0.0848,
        "lst": 39.5,
        "population": 60
      }
    },
    {
      "type": "Feature",
      "geometry": {
        "type": "Point",
        "coordinates": [
          46.781689,
          24.895382
        ]
      },
      "properties": {
        "x_epsg3857": 5207713.76,
        "y_epsg3857": 2862900.09,
        "ndvi": 0.1736,
        "lst": 38.9,
        "population": 54
      }
    },
    {
      "type": "Feature",
      "geometry": {
        "type": "Point",
        "coordinates": [
          46.799864,
          24.895382
        ]
      },
      "properties": {
        "x_epsg3857": 5209737.06,
        "y_epsg3857": 2862900.09,
        "ndvi": 0.1337,
        "lst": 39.1,
        "population": 53
      }
    },
    {
      "type": "Feature",
      "geometry": {
        "type": "Point",
        "coordinates": [
          46.81804,
          24.895382
        ]
      },
      "properties": {
        "x_epsg3857": 5211760.36,
        "y_epsg3857": 2862900.09,
        "ndvi": 0.1179,
        "lst": 39.1,
        "population": 50
      }
    },
    {
      "type": "Feature",
      "geometry": {
        "type": "Point",
        "coordinates": [
          46.836216,
          24.895382
        ]
      },
      "properties": {
        "x_epsg3857": 5213783.67,
        "y_epsg3857": 2862900.09,
        "ndvi": 0.1867,
        "lst": 38.6,
        "population": 45
      }
    },
    {
      "type": "Feature",
      "geometry": {
        "type": "Point",
        "coordinates": [
          46.854391,
          24.895382
        ]
      },
      "properties": {
        "x_epsg3857": 5215806.97,
        "y_epsg3857": 2862900.09,
        "ndvi": 0.0767,
        "lst": 39.2,
        "population": 42
      }
    },
    {
      "type": "Feature",
      "geometry": {
        "type": "Point",
        "coordinates": [
          46.872567,
          24.895382
        ]
      },
      "properties": {
        "x_epsg3857": 5217830.28,
        "y_epsg3857": 2862900.09,
        "ndvi": 0.2093,
        "lst": 38.3,
        "population": 35
      }
    },
    {
      "type": "Feature",
      "geometry": {
        "type": "Point",
        "coordinates": [
          46.890743,
          24.895382
        ]
      },
      "properties": {
        "x_epsg3857": 5219853.58,
        "y_epsg3857": 2862900.09,
        "ndvi": 0.0766,
        "lst": 39,
        "population": 35
      }
    },
    {
      "type": "Feature",
      "geometry": {
        "type": "Point",
        "coordinates": [
          46.908918,
          24.895382
        ]
      },
      "properties": {
        "x_epsg3857": 5221876.88,
        "y_epsg3857": 2862900.09,
        "ndvi": 0.1867,
        "lst": 38.2,
        "population": 29
      }
    },
    {
      "type": "Feature",
      "geometry": {
        "type": "Point",
        "coordinates": [
          46.927094,
          24.895382
        ]
      },
      "properties": {
        "x_epsg3857": 5223900.19,
        "y_epsg3857": 2862900.09,
        "ndvi": 0.1178,
        "lst": 38.5,
        "population": 26
      }
    },
    {
      "type": "Feature",
      "geometry": {
        "type": "Point",
        "coordinates": [
          46.945269,
          24.895382
        ]
      },
      "properties": {
        "x_epsg3857": 5225923.49,
        "y_epsg3857": 2862900.09,
        "ndvi": 0.1338,
        "lst": 38.3,
        "population": 22
      }
    },
    {
      "type": "Feature",
      "geometry": {
        "type": "Point",
        "coordinates": [
          46.963445,
          24.895382
        ]
      },
      "properties": {
        "x_epsg3857": 5227946.79,
        "y_epsg3857": 2862900.09,
        "ndvi": 0.1735,
        "lst": 37.9,
        "population": 18
      }
    },
    {
      "type": "Feature",
      "geometry": {
        "type": "Point",
        "coordinates": [
          46.981621,
          24.895382
        ]
      },
      "properties": {
        "x_epsg3857": 5229970.1,
        "y_epsg3857": 2862900.09,
        "ndvi": 0.0849,
        "lst": 38.3,
        "population": 19
      }
    },
    {
      "type": "Feature",
      "geometry": {
        "type": "Point",
        "coordinates": [
          46.999796,
          24.895382
        ]
      },
      "properties": {
        "x_epsg3857": 5231993.4,
        "y_epsg3857": 2862900.09,
        "ndvi": 0.2073,
        "lst": 37.5,
        "population": 17
      }
    },
    {
      "type": "Feature",
      "geometry": {
        "type": "Point",
        "coordinates": [
          46.4,
          24.911894
        ]
      },
      "properties": {
        "x_epsg3857": 5165224.37,
        "y_epsg3857": 2864926.72,
        "ndvi": 0.1556,
        "lst": 39,
        "population": 13
      }
    },
    {
      "type": "Feature",
      "geometry": {
        "type": "Point",
        "coordinates": [
          46.418176,
          24.911894
        ]
      },
      "properties": {
        "x_epsg3857": 5167247.68,
        "y_epsg3857": 2864926.72,
        "ndvi": 0.0944,
        "lst": 39.5,
        "population": 18
      }
    },
    {
      "type": "Feature",
      "geometry": {
        "type": "Point",
        "coordinates": [
          46.436351,
          24.911894
        ]
      },
      "properties": {
        "x_epsg3857": 5169270.98,
        "y_epsg3857": 2864926.72,
        "ndvi": 0.2079,
        "lst": 38.9,
        "population": 16
      }
    },
    {
      "type": "Feature",
      "geometry": {
        "type": "Point",
        "coordinates": [
          46.454527,
          24.911894
        ]
      },
      "properties": {
        "x_epsg3857": 5171294.28,
        "y_epsg3857": 2864926.72,
        "ndvi": 0.0614,
        "lst": 39.9,
        "population": 17
      }
    },
    {
      "type": "Feature",
      "geometry": {
        "type": "Point",
        "coordinates": [
          46.472703,
          24.911894
        ]
      },
      "properties": {
        "x_epsg3857": 5173317.59,
        "y_epsg3857": 2864926.72,
        "ndvi": 0.2159,
        "lst": 39.1,
        "population": 21
      }
    },
    {
      "type": "Feature",
      "geometry": {
        "type": "Point",
        "coordinates": [
          46.490878,
          24.911894
        ]
      },
      "properties": {
        "x_epsg3857": 5175340.89,
        "y_epsg3857": 2864926.72,
        "ndvi": 0.0796,
        "lst": 40,
        "population": 22
      }
    },
    {
      "type": "Feature",
      "geometry": {
        "type": "Point",
        "coordinates": [
          46.509054,
          24.911894
        ]
      },
      "properties": {
        "x_epsg3857": 5177364.2,
        "y_epsg3857": 2864926.72,
        "ndvi": 0.1746,
        "lst": 39.6,
        "population": 26
      }
    },
    {
      "type": "Feature",
      "geometry": {
        "type": "Point",
        "coordinates": [
          46.52723,
          24.911894
        ]
      },
      "properties": {
        "x_epsg3857": 5179387.5,
        "y_epsg3857": 2864926.72,
        "ndvi": 0.1371,
        "lst": 39.9,
        "population": 26
      }
    },
    {
      "type": "Feature",
      "geometry": {
        "type": "Point",
        "coordinates": [
          46.545405,
          24.911894
        ]
      },
      "properties": {
        "x_epsg3857": 5181410.8,
        "y_epsg3857": 2864926.72,
        "ndvi": 0.1107,
        "lst": 40.2,
        "population": 31
      }
    },
    {
      "type": "Feature",
      "geometry": {
        "type": "Point",
        "coordinates": [
          46.563581,
          24.911894
        ]
      },
      "properties": {
        "x_epsg3857": 5183434.11,
        "y_epsg3857": 2864926.72,
        "ndvi": 0.1965,
        "lst": 39.7,
        "population": 33
      }
    },
    {
      "type": "Feature",
      "geometry": {
        "type": "Point",
        "coordinates": [
          46.581756,
          24.911894
        ]
      },
      "properties": {
        "x_epsg3857": 5185457.41,
        "y_epsg3857": 2864926.72,
        "ndvi": 0.0659,
        "lst": 40.6,
        "population": 38
      }
    },
    {
      "type": "Feature",
      "geometry": {
        "type": "Point",
        "coordinates": [
          46.599932,
          24.911894
        ]
      },
      "properties": {
        "x_epsg3857": 5187480.72,
        "y_epsg3857": 2864926.72,
        "ndvi": 0.2191,
        "lst": 39.7,
        "population": 38
      }
    },
    {
      "type": "Feature",
      "geometry": {
        "type": "Point",
        "coordinates": [
          46.618108,
          24.911894
        ]
      },
      "properties": {
        "x_epsg3857": 5189504.02,
        "y_epsg3857": 2864926.72,
        "ndvi": 0.0693,
        "lst": 40.7,
        "population": 42
      }
    },
    {
      "type": "Feature",
      "geometry": {
        "type": "Point",
        "coordinates": [
          46.636283,
          24.911894
        ]
      },
      "properties": {
        "x_epsg3857": 5191527.32,
        "y_epsg3857": 2864926.72,
        "ndvi": 0.1902,
        "lst": 40,
        "population": 46
      }
    },
    {
      "type": "Feature",
      "geometry": {
        "type": "Point",
        "coordinates": [
          46.654459,
          24.911894
        ]
      },
      "properties": {
        "x_epsg3857": 5193550.63,
        "y_epsg3857": 2864926.72,
        "ndvi": 0.1188,
        "lst": 40.5,
        "population": 47
      }
    },
    {
      "type": "Feature",
      "geometry": {
        "type": "Point",
        "coordinates": [
          46.672635,
          24.911894
        ]
      },
      "properties": {
        "x_epsg3857": 5195573.93,
        "y_epsg3857": 2864926.72,
        "ndvi": 0.1286,
        "lst": 40.5,
        "population": 49
      }
    },
    {
      "type": "Feature",
      "geometry": {
        "type": "Point",
        "coordinates": [
          46.69081,
          24.911894
        ]
      },
      "properties": {
        "x_epsg3857": 5197597.24,
        "y_epsg3857": 2864926.72,
        "ndvi": 0.182,
        "lst": 40.2,
        "population": 50
      }
    },
    {
      "type": "Feature",
      "geometry": {
        "type": "Point",
        "coordinates": [
          46.708986,
          24.911894
        ]
      },
      "properties": {
        "x_epsg3857": 5199620.54,
        "y_epsg3857": 2864926.72,
        "ndvi": 0.0745,
        "lst": 40.8,
        "population": 50
      }
    },
    {
      "type": "Feature",
      "geometry": {
        "type": "Point",
        "coordinates": [
          46.727162,
          24.911894
        ]
      },
      "properties": {
        "x_epsg3857": 5201643.84,
        "y_epsg3857": 2864926.72,
        "ndvi": 0.2179,
        "lst": 39.9,
        "population": 49
      }
    },
    {
      "type": "Feature",
      "geometry": {
        "type": "Point",
        "coordinates": [
          46.745337,
          24.911894
        ]
      },
      "properties": {
        "x_epsg3857": 5203667.15,
        "y_epsg3857": 2864926.72,
        "ndvi": 0.0629,
        "lst": 40.8,
        "population": 50
      }
    },
    {
      "type": "Feature",
      "geometry": {
        "type": "Point",
        "coordinates": [
          46.763513,
          24.911894
        ]
      },
      "properties": {
        "x_epsg3857": 5205690.45,
        "y_epsg3857": 2864926.72,
        "ndvi": 0.2031,
        "lst": 40,
        "population": 48
      }
    },
    {
      "type": "Feature",
      "geometry": {
        "type": "Point",
        "coordinates": [
          46.781689,
          24.911894
        ]
      },
      "properties": {
        "x_epsg3857": 5207713.76,
        "y_epsg3857": 2864926.72,
        "ndvi": 0.1016,
        "lst": 40.5,
        "population": 47
      }
    },
    {
      "type": "Feature",
      "geometry": {
        "type": "Point",
        "coordinates": [
          46.799864,
          24.911894
        ]
      },
      "properties": {
        "x_epsg3857": 5209737.06,
        "y_epsg3857": 2864926.72,
        "ndvi": 0.1472,
        "lst": 40.2,
        "population": 44
      }
    },
    {
      "type": "Feature",
      "geometry": {
        "type": "Point",
        "coordinates": [
          46.81804,
          24.911894
        ]
      },
      "properties": {
        "x_epsg3857": 5211760.36,
        "y_epsg3857": 2864926.72,
        "ndvi": 0.1652,
        "lst": 40,
        "population": 44
      }
    },
    {
      "type": "Feature",
      "geometry": {
        "type": "Point",
        "coordinates": [
          46.836216,
          24.911894
        ]
      },
      "properties": {
        "x_epsg3857": 5213783.67,
        "y_epsg3857": 2864926.72,
        "ndvi": 0.0866,
        "lst": 40.4,
        "population": 38
      }
    },
    {
      "type": "Feature",
      "geometry": {
        "type": "Point",
        "coordinates": [
          46.854391,
          24.911894
        ]
      },
      "properties": {
        "x_epsg3857": 5215806.97,
        "y_epsg3857": 2864926.72,
        "ndvi": 0.2125,
        "lst": 39.5,
        "population": 35
      }
    },
    {
      "type": "Feature",
      "geometry": {
        "type": "Point",
        "coordinates": [
          46.872567,
          24.911894
        ]
      },
      "properties": {
        "x_epsg3857": 5217830.28,
        "y_epsg3857": 2864926.72,
        "ndvi": 0.0608,
        "lst": 40.4,
        "population": 35
      }
    },
    {
      "type": "Feature",
      "geometry": {
        "type": "Point",
        "coordinates": [
          46.890743,
          24.911894
        ]
      },
      "properties": {
        "x_epsg3857": 5219853.58,
        "y_epsg3857": 2864926.72,
        "ndvi": 0.2125,
        "lst": 39.3,
        "population": 30
      }
    },
    {
      "type": "Feature",
      "geometry": {
        "type": "Point",
        "coordinates": [
          46.908918,
          24.911894
        ]
      },
      "properties": {
        "x_epsg3857": 5221876.88,
        "y_epsg3857": 2864926.72,
        "ndvi": 0.0865,
        "lst": 40,
        "population": 28
      }
    },
    {
      "type": "Feature",
      "geometry": {
        "type": "Point",
        "coordinates": [
          46.927094,
          24.911894
        ]
      },
      "properties": {
        "x_epsg3857": 5223900.19,
        "y_epsg3857": 2864926.72,
        "ndvi": 0.1653,
        "lst": 39.4,
        "population": 23
      }
    },
    {
      "type": "Feature",
      "geometry": {
        "type": "Point",
        "coordinates": [
          46.945269,
          24.911894
        ]
      },
      "properties": {
        "x_epsg3857": 5225923.49,
        "y_epsg3857": 2864926.72,
        "ndvi": 0.1471,
        "lst": 39.4,
        "population": 21
      }
    },
    {
      "type": "Feature",
      "geometry": {
        "type": "Point",
        "coordinates": [
          46.963445,
          24.911894
        ]
      },
      "properties": {
        "x_epsg3857": 5227946.79,
        "y_epsg3857": 2864926.72,
        "ndvi": 0.1017,
        "lst": 39.5,
        "population": 16
      }
    },
    {
      "type": "Feature",
      "geometry": {
        "type": "Point",
        "coordinates": [
          46.981621,
          24.911894
        ]
      },
      "properties": {
        "x_epsg3857": 5229970.1,
        "y_epsg3857": 2864926.72,
        "ndvi": 0.203,
        "lst": 38.8,
        "population": 18
      }
    },
    {
      "type": "Feature",
      "geometry": {
        "type": "Point",
        "coordinates": [
          46.999796,
          24.911894
        ]
      },
      "properties": {
        "x_epsg3857": 5231993.4,
        "y_epsg3857": 2864926.72,
        "ndvi": 0.063,
        "lst": 39.5,
        "population": 13
      }
    },
    {
      "type": "Feature",
      "geometry": {
        "type": "Point",
        "coordinates": [
          46.4,
          24.928407
        ]
      },
      "properties": {
        "x_epsg3857": 5165224.37,
        "y_epsg3857": 2866953.62,
        "ndvi": 0.1291,
        "lst": 38.6,
        "population": 15
      }
    },
    {
      "type": "Feature",
      "geometry": {
        "type": "Point",
        "coordinates": [
          46.418176,
          24.928407
        ]
      },
      "properties": {
        "x_epsg3857": 5167247.68,
        "y_epsg3857": 2866953.62,
        "ndvi": 0.1719,
        "lst": 38.5,
        "population": 13
      }
    },
    {
      "type": "Feature",
      "geometry": {
        "type": "Point",
        "coordinates": [
          46.436351,
          24.928407
        ]
      },
      "properties": {
        "x_epsg3857": 5169270.98,
        "y_epsg3857": 2866953.62,
        "ndvi": 0.0925,
        "lst": 39.1,
        "population": 14
      }
    },
    {
      "type": "Feature",
      "geometry": {
        "type": "Point",
        "coordinates": [
          46.454527,
          24.928407
        ]
      },
      "properties": {
        "x_epsg3857": 5171294.28,
        "y_epsg3857": 2866953.62,
        "ndvi": 0.195,
        "lst": 38.6,
        "population": 16
      }
    },
    {
      "type": "Feature",
      "geometry": {
        "type": "Point",
        "coordinates": [
          46.472703,
          24.928407
        ]
      },
      "properties": {
        "x_epsg3857": 5173317.59,
        "y_epsg3857": 2866953.62,
        "ndvi": 0.0868,
        "lst": 39.4,
        "population": 21
      }
    },
    {
      "type": "Feature",
      "geometry": {
        "type": "Point",
        "coordinates": [
          46.490878,
          24.928407
        ]
      },
      "properties": {
        "x_epsg3857": 5175340.89,
        "y_epsg3857": 2866953.62,
        "ndvi": 0.1823,
        "lst": 38.9,
        "population": 19
      }
    },
    {
      "type": "Feature",
      "geometry": {
        "type": "Point",
        "coordinates": [
          46.509054,
          24.928407
        ]
      },
      "properties": {
        "x_epsg3857": 5177364.2,
        "y_epsg3857": 2866953.62,
        "ndvi": 0.1158,
        "lst": 39.4,
        "population": 23
      }
    },
    {
      "type": "Feature",
      "geometry": {
        "type": "Point",
        "coordinates": [
          46.52723,
          24.928407
        ]
      },
      "properties": {
        "x_epsg3857": 5179387.5,
        "y_epsg3857": 2866953.62,
        "ndvi": 0.142,
        "lst": 39.4,
        "population": 25
      }
    },
    {
      "type": "Feature",
      "geometry": {
        "type": "Point",
        "coordinates": [
          46.545405,
          24.928407
        ]
      },
      "properties": {
        "x_epsg3857": 5181410.8,
        "y_epsg3857": 2866953.62,
        "ndvi": 0.1605,
        "lst": 39.3,
        "population": 26
      }
    },
    {
      "type": "Feature",
      "geometry": {
        "type": "Point",
        "coordinates": [
          46.563581,
          24.928407
        ]
      },
      "properties": {
        "x_epsg3857": 5183434.11,
        "y_epsg3857": 2866953.62,
        "ndvi": 0.1004,
        "lst": 39.8,
        "population": 32
      }
    },
    {
      "type": "Feature",
      "geometry": {
        "type": "Point",
        "coordinates": [
          46.581756,
          24.928407
        ]
      },
      "properties": {
        "x_epsg3857": 5185457.41,
        "y_epsg3857": 2866953.62,
        "ndvi": 0.1919,
        "lst": 39.3,
        "population": 33
      }
    },
    {
      "type": "Feature",
      "geometry": {
        "type": "Point",
        "coordinates": [
          46.599932,
          24.928407
        ]
      },
      "properties": {
        "x_epsg3857": 5187480.72,
        "y_epsg3857": 2866953.62,
        "ndvi": 0.0846,
        "lst": 40,
        "population": 34
      }
    },
    {
      "type": "Feature",
      "geometry": {
        "type": "Point",
        "coordinates": [
          46.618108,
          24.928407
        ]
      },
      "properties": {
        "x_epsg3857": 5189504.02,
        "y_epsg3857": 2866953.62,
        "ndvi": 0.1895,
        "lst": 39.5,
        "population": 36
      }
    },
    {
      "type": "Feature",
      "geometry": {
        "type": "Point",
        "coordinates": [
          46.636283,
          24.928407
        ]
      },
      "properties": {
        "x_epsg3857": 5191527.32,
        "y_epsg3857": 2866953.62,
        "ndvi": 0.1049,
        "lst": 40,
        "population": 38
      }
    },
    {
      "type": "Feature",
      "geometry": {
        "type": "Point",
        "coordinates": [
          46.654459,
          24.928407
        ]
      },
      "properties": {
        "x_epsg3857": 5193550.63,
        "y_epsg3857": 2866953.62,
        "ndvi": 0.1549,
        "lst": 39.7,
        "population": 42
      }
    },
    {
      "type": "Feature",
      "geometry": {
        "type": "Point",
        "coordinates": [
          46.672635,
          24.928407
        ]
      },
      "properties": {
        "x_epsg3857": 5195573.93,
        "y_epsg3857": 2866953.62,
        "ndvi": 0.148,
        "lst": 39.8,
        "population": 42
      }
    },
    {
      "type": "Feature",
      "geometry": {
        "type": "Point",
        "coordinates": [
          46.69081,
          24.928407
        ]
      },
      "properties": {
        "x_epsg3857": 5197597.24,
        "y_epsg3857": 2866953.62,
        "ndvi": 0.1106,
        "lst": 40.1,
        "population": 44
      }
    },
    {
      "type": "Feature",
      "geometry": {
        "type": "Point",
        "coordinates": [
          46.708986,
          24.928407
        ]
      },
      "properties": {
        "x_epsg3857": 5199620.54,
        "y_epsg3857": 2866953.62,
        "ndvi": 0.1859,
        "lst": 39.6,
        "population": 45
      }
    },
    {
      "type": "Feature",
      "geometry": {
        "type": "Point",
        "coordinates": [
          46.727162,
          24.928407
        ]
      },
      "properties": {
        "x_epsg3857": 5201643.84,
        "y_epsg3857": 2866953.62,
        "ndvi": 0.0855,
        "lst": 40.2,
        "population": 43
      }
    },
    {
      "type": "Feature",
      "geometry": {
        "type": "Point",
        "coordinates": [
          46.745337,
          24.928407
        ]
      },
      "properties": {
        "x_epsg3857": 5203667.15,
        "y_epsg3857": 2866953.62,
        "ndvi": 0.1939,
        "lst": 39.5,
        "population": 44
      }
    },
    {
      "type": "Feature",
      "geometry": {
        "type": "Point",
        "coordinates": [
          46.763513,
          24.928407
        ]
      },
      "properties": {
        "x_epsg3857": 5205690.45,
        "y_epsg3857": 2866953.62,
        "ndvi": 0.0958,
        "lst": 40.1,
        "population": 42
      }
    },
    {
      "type": "Feature",
      "geometry": {
        "type": "Point",
        "coordinates": [
          46.781689,
          24.928407
        ]
      },
      "properties": {
        "x_epsg3857": 5207713.76,
        "y_epsg3857": 2866953.62,
        "ndvi": 0.1669,
        "lst": 39.6,
        "population": 43
      }
    },
    {
      "type": "Feature",
      "geometry": {
        "type": "Point",
        "coordinates": [
          46.799864,
          24.928407
        ]
      },
      "properties": {
        "x_epsg3857": 5209737.06,
        "y_epsg3857": 2866953.62,
        "ndvi": 0.135,
        "lst": 39.7,
        "population": 41
      }
    },
    {
      "type": "Feature",
      "geometry": {
        "type": "Point",
        "coordinates": [
          46.81804,
          24.928407
        ]
      },
      "properties": {
        "x_epsg3857": 5211760.36,
        "y_epsg3857": 2866953.62,
        "ndvi": 0.1223,
        "lst": 39.7,
        "population": 36
      }
    },
    {
      "type": "Feature",
      "geometry": {
        "type": "Point",
        "coordinates": [
          46.836216,
          24.928407
        ]
      },
      "properties": {
        "x_epsg3857": 5213783.67,
        "y_epsg3857": 2866953.62,
        "ndvi": 0.1774,
        "lst": 39.3,
        "population": 37
      }
    },
    {
      "type": "Feature",
      "geometry": {
        "type": "Point",
        "coordinates": [
          46.854391,
          24.928407
        ]
      },
      "properties": {
        "x_epsg3857": 5215806.97,
        "y_epsg3857": 2866953.62,
        "ndvi": 0.0893,
        "lst": 39.8,
        "population": 32
      }
    },
    {
      "type": "Feature",
      "geometry": {
        "type": "Point",
        "coordinates": [
          46.872567,
          24.928407
        ]
      },
      "properties": {
        "x_epsg3857": 5217830.28,
        "y_epsg3857": 2866953.62,
        "ndvi": 0.1955,
        "lst": 39,
        "population": 31
      }
    },
    {
      "type": "Feature",
      "geometry": {
        "type": "Point",
        "coordinates": [
          46.890743,
          24.928407
        ]
      },
      "properties": {
        "x_epsg3857": 5219853.58,
        "y_epsg3857": 2866953.62,
        "ndvi": 0.0892,
        "lst": 39.6,
        "population": 24
      }
    },
    {
      "type": "Feature",
      "geometry": {
        "type": "Point",
        "coordinates": [
          46.908918,
          24.928407
        ]
      },
      "properties": {
        "x_epsg3857": 5221876.88,
        "y_epsg3857": 2866953.62,
        "ndvi": 0.1774,
        "lst": 38.9,
        "population": 24
      }
    },
    {
      "type": "Feature",
      "geometry": {
        "type": "Point",
        "coordinates": [
          46.927094,
          24.928407
        ]
      },
      "properties": {
        "x_epsg3857": 5223900.19,
        "y_epsg3857": 2866953.62,
        "ndvi": 0.1223,
        "lst": 39.2,
        "population": 19
      }
    },
    {
      "type": "Feature",
      "geometry": {
        "type": "Point",
        "coordinates": [
          46.945269,
          24.928407
        ]
      },
      "properties": {
        "x_epsg3857": 5225923.49,
        "y_epsg3857": 2866953.62,
        "ndvi": 0.135,
        "lst": 39,
        "population": 17
      }
    },
    {
      "type": "Feature",
      "geometry": {
        "type": "Point",
        "coordinates": [
          46.963445,
          24.928407
        ]
      },
      "properties": {
        "x_epsg3857": 5227946.79,
        "y_epsg3857": 2866953.62,
        "ndvi": 0.1668,
        "lst": 38.7,
        "population": 17
      }
    },
    {
      "type": "Feature",
      "geometry": {
        "type": "Point",
        "coordinates": [
          46.981621,
          24.928407
        ]
      },
      "properties": {
        "x_epsg3857": 5229970.1,
        "y_epsg3857": 2866953.62,
        "ndvi": 0.0959,
        "lst": 39,
        "population": 18
      }
    },
    {
      "type": "Feature",
      "geometry": {
        "type": "Point",
        "coordinates": [
          46.999796,
          24.928407
        ]
      },
      "properties": {
        "x_epsg3857": 5231993.4,
        "y_epsg3857": 2866953.62,
        "ndvi": 0.1939,
        "lst": 38.3,
        "population": 14
      }
    },
    {
      "type": "Feature",
      "geometry": {
        "type": "Point",
        "coordinates": [
          46.4,
          24.94492
        ]
      },
      "properties": {
        "x_epsg3857": 5165224.37,
        "y_epsg3857": 2868980.79,
        "ndvi": 0.1416,
        "lst": 37,
        "population": 10
      }
    },
    {
      "type": "Feature",
      "geometry": {
        "type": "Point",
        "coordinates": [
          46.418176,
          24.94492
        ]
      },
      "properties": {
        "x_epsg3857": 5167247.68,
        "y_epsg3857": 2868980.79,
        "ndvi": 0.1353,
        "lst": 37.2,
        "population": 15
      }
    },
    {
      "type": "Feature",
      "geometry": {
        "type": "Point",
        "coordinates": [
          46.436351,
          24.94492
        ]
      },
      "properties": {
        "x_epsg3857": 5169270.98,
        "y_epsg3857": 2868980.79,
        "ndvi": 0.1469,
        "lst": 37.2,
        "population": 13
      }
    },
    {
      "type": "Feature",
      "geometry": {
        "type": "Point",
        "coordinates": [
          46.454527,
          24.94492
        ]
      },
      "properties": {
        "x_epsg3857": 5171294.28,
        "y_epsg3857": 2868980.79,
        "ndvi": 0.132,
        "lst": 37.4,
        "population": 16
      }
    },
    {
      "type": "Feature",
      "geometry": {
        "type": "Point",
        "coordinates": [
          46.472703,
          24.94492
        ]
      },
      "properties": {
        "x_epsg3857": 5173317.59,
        "y_epsg3857": 2868980.79,
        "ndvi": 0.1477,
        "lst": 37.4,
        "population": 20
      }
    },
    {
      "type": "Feature",
      "geometry": {
        "type": "Point",
        "coordinates": [
          46.490878,
          24.94492
        ]
      },
      "properties": {
        "x_epsg3857": 5175340.89,
        "y_epsg3857": 2868980.79,
        "ndvi": 0.1338,
        "lst": 37.6,
        "population": 19
      }
    },
    {
      "type": "Feature",
      "geometry": {
        "type": "Point",
        "coordinates": [
          46.509054,
          24.94492
        ]
      },
      "properties": {
        "x_epsg3857": 5177364.2,
        "y_epsg3857": 2868980.79,
        "ndvi": 0.1435,
        "lst": 37.7,
        "population": 23
      }
    },
    {
      "type": "Feature",
      "geometry": {
        "type": "Point",
        "coordinates": [
          46.52723,
          24.94492
        ]
      },
      "properties": {
        "x_epsg3857": 5179387.5,
        "y_epsg3857": 2868980.79,
        "ndvi": 0.1397,
        "lst": 37.8,
        "population": 25
      }
    },
    {
      "type": "Feature",
      "geometry": {
        "type": "Point",
        "coordinates": [
          46.545405,
          24.94492
        ]
      },
      "properties": {
        "x_epsg3857": 5181410.8,
        "y_epsg3857": 2868980.79,
        "ndvi": 0.137,
        "lst": 37.9,
        "population": 26
      }
    },
    {
      "type": "Feature",
      "geometry": {
        "type": "Point",
        "coordinates": [
          46.563581,
          24.94492
        ]
      },
      "properties": {
        "x_epsg3857": 5183434.11,
        "y_epsg3857": 2868980.79,
        "ndvi": 0.1458,
        "lst": 37.9,
        "population": 27
      }
    },
    {
      "type": "Feature",
      "geometry": {
        "type": "Point",
        "coordinates": [
          46.581756,
          24.94492
        ]
      },
      "properties": {
        "x_epsg3857": 5185457.41,
        "y_epsg3857": 2868980.79,
        "ndvi": 0.1324,
        "lst": 38.1,
        "population": 27
      }
    },
    {
      "type": "Feature",
      "geometry": {
        "type": "Point",
        "coordinates": [
          46.599932,
          24.94492
        ]
      },
      "properties": {
        "x_epsg3857": 5187480.72,
        "y_epsg3857": 2868980.79,
        "ndvi": 0.1481,
        "lst": 38,
        "population": 32
      }
    },
    {
      "type": "Feature",
      "geometry": {
        "type": "Point",
        "coordinates": [
          46.618108,
          24.94492
        ]
      },
      "properties": {
        "x_epsg3857": 5189504.02,
        "y_epsg3857": 2868980.79,
        "ndvi": 0.1328,
        "lst": 38.2,
        "population": 34
      }
    },
    {
      "type": "Feature",
      "geometry": {
        "type": "Point",
        "coordinates": [
          46.636283,
          24.94492
        ]
      },
      "properties": {
        "x_epsg3857": 5191527.32,
        "y_epsg3857": 2868980.79,
        "ndvi": 0.1451,
        "lst": 38.2,
        "population": 36
      }
    },
    {
      "type": "Feature",
      "geometry": {
        "type": "Point",
        "coordinates": [
          46.654459,
          24.94492
        ]
      },
      "properties": {
        "x_epsg3857": 5193550.63,
        "y_epsg3857": 2868980.79,
        "ndvi": 0.1378,
        "lst": 38.2,
        "population": 33
      }
    },
    {
      "type": "Feature",
      "geometry": {
        "type": "Point",
        "coordinates": [
          46.672635,
          24.94492
        ]
      },
      "properties": {
        "x_epsg3857": 5195573.93,
        "y_epsg3857": 2868980.79,
        "ndvi": 0.1388,
        "lst": 38.3,
        "population": 37
      }
    },
    {
      "type": "Feature",
      "geometry": {
        "type": "Point",
        "coordinates": [
          46.69081,
          24.94492
        ]
      },
      "properties": {
        "x_epsg3857": 5197597.24,
        "y_epsg3857": 2868980.79,
        "ndvi": 0.1443,
        "lst": 38.2,
        "population": 39
      }
    },
    {
      "type": "Feature",
      "geometry": {
        "type": "Point",
        "coordinates": [
          46.708986,
          24.94492
        ]
      },
      "properties": {
        "x_epsg3857": 5199620.54,
        "y_epsg3857": 2868980.79,
        "ndvi": 0.1333,
        "lst": 38.3,
        "population": 39
      }
    },
    {
      "type": "Feature",
      "geometry": {
        "type": "Point",
        "coordinates": [
          46.727162,
          24.94492
        ]
      },
      "properties": {
        "x_epsg3857": 5201643.84,
        "y_epsg3857": 2868980.79,
        "ndvi": 0.1479,
        "lst": 38.2,
        "population": 37
      }
    },
    {
      "type": "Feature",
      "geometry": {
        "type": "Point",
        "coordinates": [
          46.745337,
          24.94492
        ]
      },
      "properties": {
        "x_epsg3857": 5203667.15,
        "y_epsg3857": 2868980.79,
        "ndvi": 0.1321,
        "lst": 38.3,
        "population": 40
      }
    },
    {
      "type": "Feature",
      "geometry": {
        "type": "Point",
        "coordinates": [
          46.763513,
          24.94492
        ]
      },
      "properties": {
        "x_epsg3857": 5205690.45,
        "y_epsg3857": 2868980.79,
        "ndvi": 0.1464,
        "lst": 38.2,
        "population": 35
      }
    },
    {
      "type": "Feature",
      "geometry": {
        "type": "Point",
        "coordinates": [
          46.781689,
          24.94492
        ]
      },
      "properties": {
        "x_epsg3857": 5207713.76,
        "y_epsg3857": 2868980.79,
        "ndvi": 0.1361,
        "lst": 38.2,
        "population": 38
      }
    },
    {
      "type": "Feature",
      "geometry": {
        "type": "Point",
        "coordinates": [
          46.799864,
          24.94492
        ]
      },
      "properties": {
        "x_epsg3857": 5209737.06,
        "y_epsg3857": 2868980.79,
        "ndvi": 0.1407,
        "lst": 38.1,
        "population": 36
      }
    },
    {
      "type": "Feature",
      "geometry": {
        "type": "Point",
        "coordinates": [
          46.81804,
          24.94492
        ]
      },
      "properties": {
        "x_epsg3857": 5211760.36,
        "y_epsg3857": 2868980.79,
        "ndvi": 0.1426,
        "lst": 38,
        "population": 33
      }
    },
    {
      "type": "Feature",
      "geometry": {
        "type": "Point",
        "coordinates": [
          46.836216,
          24.94492
        ]
      },
      "properties": {
        "x_epsg3857": 5213783.67,
        "y_epsg3857": 2868980.79,
        "ndvi": 0.1346,
        "lst": 38,
        "population": 31
      }
    },
    {
      "type": "Feature",
      "geometry": {
        "type": "Point",
        "coordinates": [
          46.854391,
          24.94492
        ]
      },
      "properties": {
        "x_epsg3857": 5215806.97,
        "y_epsg3857": 2868980.79,
        "ndvi": 0.1474,
        "lst": 37.8,
        "population": 29
      }
    },
    {
      "type": "Feature",
      "geometry": {
        "type": "Point",
        "coordinates": [
          46.872567,
          24.94492
        ]
      },
      "properties": {
        "x_epsg3857": 5217830.28,
        "y_epsg3857": 2868980.79,
        "ndvi": 0.1319,
        "lst": 37.8,
        "population": 26
      }
    },
    {
      "type": "Feature",
      "geometry": {
        "type": "Point",
        "coordinates": [
          46.890743,
          24.94492
        ]
      },
      "properties": {
        "x_epsg3857": 5219853.58,
        "y_epsg3857": 2868980.79,
        "ndvi": 0.1474,
        "lst": 37.6,
        "population": 21
      }
    },
    {
      "type": "Feature",
      "geometry": {
        "type": "Point",
        "coordinates": [
          46.908918,
          24.94492
        ]
      },
      "properties": {
        "x_epsg3857": 5221876.88,
        "y_epsg3857": 2868980.79,
        "ndvi": 0.1345,
        "lst": 37.6,
        "population": 24
      }
    },
    {
      "type": "Feature",
      "geometry": {
        "type": "Point",
        "coordinates": [
          46.927094,
          24.94492
        ]
      },
      "properties": {
        "x_epsg3857": 5223900.19,
        "y_epsg3857": 2868980.79,
        "ndvi": 0.1426,
        "lst": 37.5,
        "population": 20
      }
    },
    {
      "type": "Feature",
      "geometry": {
        "type": "Point",
        "coordinates": [
          46.945269,
          24.94492
        ]
      },
      "properties": {
        "x_epsg3857": 5225923.49,
        "y_epsg3857": 2868980.79,
        "ndvi": 0.1407,
        "lst": 37.4,
        "population": 17
      }
    },
    {
      "type": "Feature",
      "geometry": {
        "type": "Point",
        "coordinates": [
          46.963445,
          24.94492
        ]
      },
      "properties": {
        "x_epsg3857": 5227946.79,
        "y_epsg3857": 2868980.79,
        "ndvi": 0.1361,
        "lst": 37.3,
        "population": 16
      }
    },
    {
      "type": "Feature",
      "geometry": {
        "type": "Point",
        "coordinates": [
          46.981621,
          24.94492
        ]
      },
      "properties": {
        "x_epsg3857": 5229970.1,
        "y_epsg3857": 2868980.79,
        "ndvi": 0.1464,
        "lst": 37.1,
        "population": 16
      }
    },
    {
      "type": "Feature",
      "geometry": {
        "type": "Point",
        "coordinates": [
          46.999796,
          24.94492
        ]
      },
      "properties": {
        "x_epsg3857": 5231993.4,
        "y_epsg3857": 2868980.79,
        "ndvi": 0.1321,
        "lst": 37.1,
        "population": 12
      }
    },
    {
      "type": "Feature",
      "geometry": {
        "type": "Point",
        "coordinates": [
          46.4,
          24.961433
        ]
      },
      "properties": {
        "x_epsg3857": 5165224.37,
        "y_epsg3857": 2871008.24,
        "ndvi": 0.1484,
        "lst": 36.5,
        "population": 11
      }
    },
    {
      "type": "Feature",
      "geometry": {
        "type": "Point",
        "coordinates": [
          46.418176,
          24.961433
        ]
      },
      "properties": {
        "x_epsg3857": 5167247.68,
        "y_epsg3857": 2871008.24,
        "ndvi": 0.1154,
        "lst": 36.9,
        "population": 12
      }
    },
    {
      "type": "Feature",
      "geometry": {
        "type": "Point",
        "coordinates": [
          46.436351,
          24.961433
        ]
      },
      "properties": {
        "x_epsg3857": 5169270.98,
        "y_epsg3857": 2871008.24,
        "ndvi": 0.1766,
        "lst": 36.6,
        "population": 15
      }
    },
    {
      "type": "Feature",
      "geometry": {
        "type": "Point",
        "coordinates": [
          46.454527,
          24.961433
        ]
      },
      "properties": {
        "x_epsg3857": 5171294.28,
        "y_epsg3857": 2871008.24,
        "ndvi": 0.0976,
        "lst": 37.2,
        "population": 16
      }
    },
    {
      "type": "Feature",
      "geometry": {
        "type": "Point",
        "coordinates": [
          46.472703,
          24.961433
        ]
      },
      "properties": {
        "x_epsg3857": 5173317.59,
        "y_epsg3857": 2871008.24,
        "ndvi": 0.181,
        "lst": 36.8,
        "population": 17
      }
    },
    {
      "type": "Feature",
      "geometry": {
        "type": "Point",
        "coordinates": [
          46.490878,
          24.961433
        ]
      },
      "properties": {
        "x_epsg3857": 5175340.89,
        "y_epsg3857": 2871008.24,
        "ndvi": 0.1074,
        "lst": 37.3,
        "population": 16
      }
    },
    {
      "type": "Feature",
      "geometry": {
        "type": "Point",
        "coordinates": [
          46.509054,
          24.961433
        ]
      },
      "properties": {
        "x_epsg3857": 5177364.2,
        "y_epsg3857": 2871008.24,
        "ndvi": 0.1586,
        "lst": 37.1,
        "population": 21
      }
    },
    {
      "type": "Feature",
      "geometry": {
        "type": "Point",
        "coordinates": [
          46.52723,
          24.961433
        ]
      },
      "properties": {
        "x_epsg3857": 5179387.5,
        "y_epsg3857": 2871008.24,
        "ndvi": 0.1384,
        "lst": 37.3,
        "population": 22
      }
    },
    {
      "type": "Feature",
      "geometry": {
        "type": "Point",
        "coordinates": [
          46.545405,
          24.961433
        ]
      },
      "properties": {
        "x_epsg3857": 5181410.8,
        "y_epsg3857": 2871008.24,
        "ndvi": 0.1242,
        "lst": 37.5,
        "population": 24
      }
    },
    {
      "type": "Feature",
      "geometry": {
        "type": "Point",
        "coordinates": [
          46.563581,
          24.961433
        ]
      },
      "properties": {
        "x_epsg3857": 5183434.11,
        "y_epsg3857": 2871008.24,
        "ndvi": 0.1705,
        "lst": 37.3,
        "population": 23
      }
    },
    {
      "type": "Feature",
      "geometry": {
        "type": "Point",
        "coordinates": [
          46.581756,
          24.961433
        ]
      },
      "properties": {
        "x_epsg3857": 5185457.41,
        "y_epsg3857": 2871008.24,
        "ndvi": 0.1,
        "lst": 37.8,
        "population": 27
      }
    },
    {
      "type": "Feature",
      "geometry": {
        "type": "Point",
        "coordinates": [
          46.599932,
          24.961433
        ]
      },
      "properties": {
        "x_epsg3857": 5187480.72,
        "y_epsg3857": 2871008.24,
        "ndvi": 0.1827,
        "lst": 37.4,
        "population": 26
      }
    },
    {
      "type": "Feature",
      "geometry": {
        "type": "Point",
        "coordinates": [
          46.618108,
          24.961433
        ]
      },
      "properties": {
        "x_epsg3857": 5189504.02,
        "y_epsg3857": 2871008.24,
        "ndvi": 0.1019,
        "lst": 37.9,
        "population": 31
      }
    },
    {
      "type": "Feature",
      "geometry": {
        "type": "Point",
        "coordinates": [
          46.636283,
          24.961433
        ]
      },
      "properties": {
        "x_epsg3857": 5191527.32,
        "y_epsg3857": 2871008.24,
        "ndvi": 0.1671,
        "lst": 37.6,
        "population": 29
      }
    },
    {
      "type": "Feature",
      "geometry": {
        "type": "Point",
        "coordinates": [
          46.654459,
          24.961433
        ]
      },
      "properties": {
        "x_epsg3857": 5193550.63,
        "y_epsg3857": 2871008.24,
        "ndvi": 0.1286,
        "lst": 37.8,
        "population": 31
      }
    },
    {
      "type": "Feature",
      "geometry": {
        "type": "Point",
        "coordinates": [
          46.672635,
          24.961433
        ]
      },
      "properties": {
        "x_epsg3857": 5195573.93,
        "y_epsg3857": 2871008.24,
        "ndvi": 0.1339,
        "lst": 37.8,
        "population": 31
      }
    },
    {
      "type": "Feature",
      "geometry": {
        "type": "Point",
        "coordinates": [
          46.69081,
          24.961433
        ]
      },
      "properties": {
        "x_epsg3857": 5197597.24,
        "y_epsg3857": 2871008.24,
        "ndvi": 0.1627,
        "lst": 37.6,
        "population": 32
      }
    },
    {
      "type": "Feature",
      "geometry": {
        "type": "Point",
        "coordinates": [
          46.708986,
          24.961433
        ]
      },
      "properties": {
        "x_epsg3857": 5199620.54,
        "y_epsg3857": 2871008.24,
        "ndvi": 0.1046,
        "lst": 38,
        "population": 34
      }
    },
    {
      "type": "Feature",
      "geometry": {
        "type": "Point",
        "coordinates": [
          46.727162,
          24.961433
        ]
      },
      "properties": {
        "x_epsg3857": 5201643.84,
        "y_epsg3857": 2871008.24,
        "ndvi": 0.182,
        "lst": 37.5,
        "population": 34
      }
    },
    {
      "type": "Feature",
      "geometry": {
        "type": "Point",
        "coordinates": [
          46.745337,
          24.961433
        ]
      },
      "properties": {
        "x_epsg3857": 5203667.15,
        "y_epsg3857": 2871008.24,
        "ndvi": 0.0984,
        "lst": 38,
        "population": 32
      }
    },
    {
      "type": "Feature",
      "geometry": {
        "type": "Point",
        "coordinates": [
          46.763513,
          24.961433
        ]
      },
      "properties": {
        "x_epsg3857": 5205690.45,
        "y_epsg3857": 2871008.24,
        "ndvi": 0.174,
        "lst": 37.5,
        "population": 34
      }
    },
    {
      "type": "Feature",
      "geometry": {
        "type": "Point",
        "coordinates": [
          46.781689,
          24.961433
        ]
      },
      "properties": {
        "x_epsg3857": 5207713.76,
        "y_epsg3857": 2871008.24,
        "ndvi": 0.1193,
        "lst": 37.8,
        "population": 30
      }
    },
    {
      "type": "Feature",
      "geometry": {
        "type": "Point",
        "coordinates": [
          46.799864,
          24.961433
        ]
      },
      "properties": {
        "x_epsg3857": 5209737.06,
        "y_epsg3857": 2871008.24,
        "ndvi": 0.1439,
        "lst": 37.6,
        "population": 29
      }
    },
    {
      "type": "Feature",
      "geometry": {
        "type": "Point",
        "coordinates": [
          46.81804,
          24.961433
        ]
      },
      "properties": {
        "x_epsg3857": 5211760.36,
        "y_epsg3857": 2871008.24,
        "ndvi": 0.1536,
        "lst": 37.5,
        "population": 26
      }
    },
    {
      "type": "Feature",
      "geometry": {
        "type": "Point",
        "coordinates": [
          46.836216,
          24.961433
        ]
      },
      "properties": {
        "x_epsg3857": 5213783.67,
        "y_epsg3857": 2871008.24,
        "ndvi": 0.1112,
        "lst": 37.7,
        "population": 24
      }
    },
    {
      "type": "Feature",
      "geometry": {
        "type": "Point",
        "coordinates": [
          46.854391,
          24.961433
        ]
      },
      "properties": {
        "x_epsg3857": 5215806.97,
        "y_epsg3857": 2871008.24,
        "ndvi": 0.1791,
        "lst": 37.2,
        "population": 24
      }
    },
    {
      "type": "Feature",
      "geometry": {
        "type": "Point",
        "coordinates": [
          46.872567,
          24.961433
        ]
      },
      "properties": {
        "x_epsg3857": 5217830.28,
        "y_epsg3857": 2871008.24,
        "ndvi": 0.0973,
        "lst": 37.6,
        "population": 24
      }
    },
    {
      "type": "Feature",
      "geometry": {
        "type": "Point",
        "coordinates": [
          46.890743,
          24.961433
        ]
      },
      "properties": {
        "x_epsg3857": 5219853.58,
        "y_epsg3857": 2871008.24,
        "ndvi": 0.1791,
        "lst": 37,
        "population": 19
      }
    },
    {
      "type": "Feature",
      "geometry": {
        "type": "Point",
        "coordinates": [
          46.908918,
          24.961433
        ]
      },
      "properties": {
        "x_epsg3857": 5221876.88,
        "y_epsg3857": 2871008.24,
        "ndvi": 0.1112,
        "lst": 37.3,
        "population": 19
      }
    },
    {
      "type": "Feature",
      "geometry": {
        "type": "Point",
        "coordinates": [
          46.927094,
          24.961433
        ]
      },
      "properties": {
        "x_epsg3857": 5223900.19,
        "y_epsg3857": 2871008.24,
        "ndvi": 0.1537,
        "lst": 37,
        "population": 15
      }
    },
    {
      "type": "Feature",
      "geometry": {
        "type": "Point",
        "coordinates": [
          46.945269,
          24.961433
        ]
      },
      "properties": {
        "x_epsg3857": 5225923.49,
        "y_epsg3857": 2871008.24,
        "ndvi": 0.1438,
        "lst": 36.9,
        "population": 18
      }
    },
    {
      "type": "Feature",
      "geometry": {
        "type": "Point",
        "coordinates": [
          46.963445,
          24.961433
        ]
      },
      "properties": {
        "x_epsg3857": 5227946.79,
        "y_epsg3857": 2871008.24,
        "ndvi": 0.1193,
        "lst": 36.9,
        "population": 15
      }
    },
    {
      "type": "Feature",
      "geometry": {
        "type": "Point",
        "coordinates": [
          46.981621,
          24.961433
        ]
      },
      "properties": {
        "x_epsg3857": 5229970.1,
        "y_epsg3857": 2871008.24,
        "ndvi": 0.174,
        "lst": 36.5,
        "population": 15
      }
    },
    {
      "type": "Feature",
      "geometry": {
        "type": "Point",
        "coordinates": [
          46.999796,
          24.961433
        ]
      },
      "properties": {
        "x_epsg3857": 5231993.4,
        "y_epsg3857": 2871008.24,
        "ndvi": 0.0984,
        "lst": 36.8,
        "population": 14
      }
    },
    {
      "type": "Feature",
      "geometry": {
        "type": "Point",
        "coordinates": [
          46.4,
          24.977945
        ]
      },
      "properties": {
        "x_epsg3857": 5165224.37,
        "y_epsg3857": 2873035.95,
        "ndvi": 0.1251,
        "lst": 38,
        "population": 13
      }
    },
    {
      "type": "Feature",
      "geometry": {
        "type": "Point",
        "coordinates": [
          46.418176,
          24.977945
        ]
      },
      "properties": {
        "x_epsg3857": 5167247.68,
        "y_epsg3857": 2873035.95,
        "ndvi": 0.1834,
        "lst": 37.7,
        "population": 12
      }
    },
    {
      "type": "Feature",
      "geometry": {
        "type": "Point",
        "coordinates": [
          46.436351,
          24.977945
        ]
      },
      "properties": {
        "x_epsg3857": 5169270.98,
        "y_epsg3857": 2873035.95,
        "ndvi": 0.0754,
        "lst": 38.4,
        "population": 13
      }
    },
    {
      "type": "Feature",
      "geometry": {
        "type": "Point",
        "coordinates": [
          46.454527,
          24.977945
        ]
      },
      "properties": {
        "x_epsg3857": 5171294.28,
        "y_epsg3857": 2873035.95,
        "ndvi": 0.2147,
        "lst": 37.7,
        "population": 12
      }
    },
    {
      "type": "Feature",
      "geometry": {
        "type": "Point",
        "coordinates": [
          46.472703,
          24.977945
        ]
      },
      "properties": {
        "x_epsg3857": 5173317.59,
        "y_epsg3857": 2873035.95,
        "ndvi": 0.0678,
        "lst": 38.7,
        "population": 18
      }
    },
    {
      "type": "Feature",
      "geometry": {
        "type": "Point",
        "coordinates": [
          46.490878,
          24.977945
        ]
      },
      "properties": {
        "x_epsg3857": 5175340.89,
        "y_epsg3857": 2873035.95,
        "ndvi": 0.1974,
        "lst": 38,
        "population": 16
      }
    },
    {
      "type": "Feature",
      "geometry": {
        "type": "Point",
        "coordinates": [
          46.509054,
          24.977945
        ]
      },
      "properties": {
        "x_epsg3857": 5177364.2,
        "y_epsg3857": 2873035.95,
        "ndvi": 0.1071,
        "lst": 38.6,
        "population": 16
      }
    },
    {
      "type": "Feature",
      "geometry": {
        "type": "Point",
        "coordinates": [
          46.52723,
          24.977945
        ]
      },
      "properties": {
        "x_epsg3857": 5179387.5,
        "y_epsg3857": 2873035.95,
        "ndvi": 0.1427,
        "lst": 38.5,
        "population": 17
      }
    },
    {
      "type": "Feature",
      "geometry": {
        "type": "Point",
        "coordinates": [
          46.545405,
          24.977945
        ]
      },
      "properties": {
        "x_epsg3857": 5181410.8,
        "y_epsg3857": 2873035.95,
        "ndvi": 0.1679,
        "lst": 38.4,
        "population": 18
      }
    },
    {
      "type": "Feature",
      "geometry": {
        "type": "Point",
        "coordinates": [
          46.563581,
          24.977945
        ]
      },
      "properties": {
        "x_epsg3857": 5183434.11,
        "y_epsg3857": 2873035.95,
        "ndvi": 0.0863,
        "lst": 39,
        "population": 20
      }
    },
    {
      "type": "Feature",
      "geometry": {
        "type": "Point",
        "coordinates": [
          46.581756,
          24.977945
        ]
      },
      "properties": {
        "x_epsg3857": 5185457.41,
        "y_epsg3857": 2873035.95,
        "ndvi": 0.2105,
        "lst": 38.3,
        "population": 21
      }
    },
    {
      "type": "Feature",
      "geometry": {
        "type": "Point",
        "coordinates": [
          46.599932,
          24.977945
        ]
      },
      "properties": {
        "x_epsg3857": 5187480.72,
        "y_epsg3857": 2873035.95,
        "ndvi": 0.0648,
        "lst": 39.2,
        "population": 26
      }
    },
    {
      "type": "Feature",
      "geometry": {
        "type": "Point",
        "coordinates": [
          46.618108,
          24.977945
        ]
      },
      "properties": {
        "x_epsg3857": 5189504.02,
        "y_epsg3857": 2873035.95,
        "ndvi": 0.2072,
        "lst": 38.4,
        "population": 27
      }
    },
    {
      "type": "Feature",
      "geometry": {
        "type": "Point",
        "coordinates": [
          46.636283,
          24.977945
        ]
      },
      "properties": {
        "x_epsg3857": 5191527.32,
        "y_epsg3857": 2873035.95,
        "ndvi": 0.0922,
        "lst": 39.2,
        "population": 26
      }
    },
    {
      "type": "Feature",
      "geometry": {
        "type": "Point",
        "coordinates": [
          46.654459,
          24.977945
        ]
      },
      "properties": {
        "x_epsg3857": 5193550.63,
        "y_epsg3857": 2873035.95,
        "ndvi": 0.1602,
        "lst": 38.8,
        "population": 29
      }
    },
    {
      "type": "Feature",
      "geometry": {
        "type": "Point",
        "coordinates": [
          46.672635,
          24.977945
        ]
      },
      "properties": {
        "x_epsg3857": 5195573.93,
        "y_epsg3857": 2873035.95,
        "ndvi": 0.1508,
        "lst": 38.9,
        "population": 29
      }
    },
    {
      "type": "Feature",
      "geometry": {
        "type": "Point",
        "coordinates": [
          46.69081,
          24.977945
        ]
      },
      "properties": {
        "x_epsg3857": 5197597.24,
        "y_epsg3857": 2873035.95,
        "ndvi": 0.1,
        "lst": 39.2,
        "population": 30
      }
    },
    {
      "type": "Feature",
      "geometry": {
        "type": "Point",
        "coordinates": [
          46.708986,
          24.977945
        ]
      },
      "properties": {
        "x_epsg3857": 5199620.54,
        "y_epsg3857": 2873035.95,
        "ndvi": 0.2023,
        "lst": 38.6,
        "population": 28
      }
    },
    {
      "type": "Feature",
      "geometry": {
        "type": "Point",
        "coordinates": [
          46.727162,
          24.977945
        ]
      },
      "properties": {
        "x_epsg3857": 5201643.84,
        "y_epsg3857": 2873035.95,
        "ndvi": 0.0659,
        "lst": 39.4,
        "population": 28
      }
    },
    {
      "type": "Feature",
      "geometry": {
        "type": "Point",
        "coordinates": [
          46.745337,
          24.977945
        ]
      },
      "properties": {
        "x_epsg3857": 5203667.15,
        "y_epsg3857": 2873035.95,
        "ndvi": 0.2133,
        "lst": 38.5,
        "population": 31
      }
    },
    {
      "type": "Feature",
      "geometry": {
        "type": "Point",
        "coordinates": [
          46.763513,
          24.977945
        ]
      },
      "properties": {
        "x_epsg3857": 5205690.45,
        "y_epsg3857": 2873035.95,
        "ndvi": 0.08,
        "lst": 39.2,
        "population": 27
      }
    },
    {
      "type": "Feature",
      "geometry": {
        "type": "Point",
        "coordinates": [
          46.781689,
          24.977945
        ]
      },
      "properties": {
        "x_epsg3857": 5207713.76,
        "y_epsg3857": 2873035.95,
        "ndvi": 0.1765,
        "lst": 38.6,
        "population": 25
      }
    },
    {
      "type": "Feature",
      "geometry": {
        "type": "Point",
        "coordinates": [
          46.799864,
          24.977945
        ]
      },
      "properties": {
        "x_epsg3857": 5209737.06,
        "y_epsg3857": 2873035.95,
        "ndvi": 0.1332,
        "lst": 38.8,
        "population": 27
      }
    },
    {
      "type": "Feature",
      "geometry": {
        "type": "Point",
        "coordinates": [
          46.81804,
          24.977945
        ]
      },
      "properties": {
        "x_epsg3857": 5211760.36,
        "y_epsg3857": 2873035.95,
        "ndvi": 0.116,
        "lst": 38.9,
        "population": 24
      }
    },
    {
      "type": "Feature",
      "geometry": {
        "type": "Point",
        "coordinates": [
          46.836216,
          24.977945
        ]
      },
      "properties": {
        "x_epsg3857": 5213783.67,
        "y_epsg3857": 2873035.95,
        "ndvi": 0.1908,
        "lst": 38.4,
        "population": 25
      }
    },
    {
      "type": "Feature",
      "geometry": {
        "type": "Point",
        "coordinates": [
          46.854391,
          24.977945
        ]
      },
      "properties": {
        "x_epsg3857": 5215806.97,
        "y_epsg3857": 2873035.95,
        "ndvi": 0.0711,
        "lst": 39,
        "population": 20
      }
    },
    {
      "type": "Feature",
      "geometry": {
        "type": "Point",
        "coordinates": [
          46.872567,
          24.977945
        ]
      },
      "properties": {
        "x_epsg3857": 5217830.28,
        "y_epsg3857": 2873035.95,
        "ndvi": 0.2154,
        "lst": 38.1,
        "population": 21
      }
    },
    {
      "type": "Feature",
      "geometry": {
        "type": "Point",
        "coordinates": [
          46.890743,
          24.977945
        ]
      },
      "properties": {
        "x_epsg3857": 5219853.58,
        "y_epsg3857": 2873035.95,
        "ndvi": 0.071,
        "lst": 38.8,
        "population": 21
      }
    },
    {
      "type": "Feature",
      "geometry": {
        "type": "Point",
        "coordinates": [
          46.908918,
          24.977945
        ]
      },
      "properties": {
        "x_epsg3857": 5221876.88,
        "y_epsg3857": 2873035.95,
        "ndvi": 0.1909,
        "lst": 38,
        "population": 19
      }
    },
    {
      "type": "Feature",
      "geometry": {
        "type": "Point",
        "coordinates": [
          46.927094,
          24.977945
        ]
      },
      "properties": {
        "x_epsg3857": 5223900.19,
        "y_epsg3857": 2873035.95,
        "ndvi": 0.1159,
        "lst": 38.4,
        "population": 14
      }
    },
    {
      "type": "Feature",
      "geometry": {
        "type": "Point",
        "coordinates": [
          46.945269,
          24.977945
        ]
      },
      "properties": {
        "x_epsg3857": 5225923.49,
        "y_epsg3857": 2873035.95,
        "ndvi": 0.1333,
        "lst": 38.2,
        "population": 13
      }
    },
    {
      "type": "Feature",
      "geometry": {
        "type": "Point",
        "coordinates": [
          46.963445,
          24.977945
        ]
      },
      "properties": {
        "x_epsg3857": 5227946.79,
        "y_epsg3857": 2873035.95,
        "ndvi": 0.1764,
        "lst": 37.8,
        "population": 12
      }
    },
    {
      "type": "Feature",
      "geometry": {
        "type": "Point",
        "coordinates": [
          46.981621,
          24.977945
        ]
      },
      "properties": {
        "x_epsg3857": 5229970.1,
        "y_epsg3857": 2873035.95,
        "ndvi": 0.08,
        "lst": 38.3,
        "population": 13
      }
    },
    {
      "type": "Feature",
      "geometry": {
        "type": "Point",
        "coordinates": [
          46.999796,
          24.977945
        ]
      },
      "properties": {
        "x_epsg3857": 5231993.4,
        "y_epsg3857": 2873035.95,
        "ndvi": 0.2133,
        "lst": 37.4,
        "population": 9
      }
    },
    {
      "type": "Feature",
      "geometry": {
        "type": "Point",
        "coordinates": [
          46.4,
          24.994458
        ]
      },
      "properties": {
        "x_epsg3857": 5165224.37,
        "y_epsg3857": 2875063.94,
        "ndvi": 0.155,
        "lst": 38.8,
        "population": 10
      }
    },
    {
      "type": "Feature",
      "geometry": {
        "type": "Point",
        "coordinates": [
          46.418176,
          24.994458
        ]
      },
      "properties": {
        "x_epsg3857": 5167247.68,
        "y_epsg3857": 2875063.94,
        "ndvi": 0.0963,
        "lst": 39.1,
        "population": 11
      }
    },
    {
      "type": "Feature",
      "geometry": {
        "type": "Point",
        "coordinates": [
          46.436351,
          24.994458
        ]
      },
      "properties": {
        "x_epsg3857": 5169270.98,
        "y_epsg3857": 2875063.94,
        "ndvi": 0.205,
        "lst": 38.5,
        "population": 11
      }
    },
    {
      "type": "Feature",
      "geometry": {
        "type": "Point",
        "coordinates": [
          46.454527,
          24.994458
        ]
      },
      "properties": {
        "x_epsg3857": 5171294.28,
        "y_epsg3857": 2875063.94,
        "ndvi": 0.0647,
        "lst": 39.5,
        "population": 15
      }
    },
    {
      "type": "Feature",
      "geometry": {
        "type": "Point",
        "coordinates": [
          46.472703,
          24.994458
        ]
      },
      "properties": {
        "x_epsg3857": 5173317.59,
        "y_epsg3857": 2875063.94,
        "ndvi": 0.2127,
        "lst": 38.7,
        "population": 14
      }
    },
    {
      "type": "Feature",
      "geometry": {
        "type": "Point",
        "coordinates": [
          46.490878,
          24.994458
        ]
      },
      "properties": {
        "x_epsg3857": 5175340.89,
        "y_epsg3857": 2875063.94,
        "ndvi": 0.0822,
        "lst": 39.5,
        "population": 15
      }
    },
    {
      "type": "Feature",
      "geometry": {
        "type": "Point",
        "coordinates": [
          46.509054,
          24.994458
        ]
      },
      "properties": {
        "x_epsg3857": 5177364.2,
        "y_epsg3857": 2875063.94,
        "ndvi": 0.1731,
        "lst": 39.1,
        "population": 14
      }
    },
    {
      "type": "Feature",
      "geometry": {
        "type": "Point",
        "coordinates": [
          46.52723,
          24.994458
        ]
      },
      "properties": {
        "x_epsg3857": 5179387.5,
        "y_epsg3857": 2875063.94,
        "ndvi": 0.1372,
        "lst": 39.4,
        "population": 18
      }
    },
    {
      "type": "Feature",
      "geometry": {
        "type": "Point",
        "coordinates": [
          46.545405,
          24.994458
        ]
      },
      "properties": {
        "x_epsg3857": 5181410.8,
        "y_epsg3857": 2875063.94,
        "ndvi": 0.1119,
        "lst": 39.6,
        "population": 20
      }
    },
    {
      "type": "Feature",
      "geometry": {
        "type": "Point",
        "coordinates": [
          46.563581,
          24.994458
        ]
      },
      "properties": {
        "x_epsg3857": 5183434.11,
        "y_epsg3857": 2875063.94,
        "ndvi": 0.1941,
        "lst": 39.2,
        "population": 21
      }
    },
    {
      "type": "Feature",
      "geometry": {
        "type": "Point",
        "coordinates": [
          46.581756,
          24.994458
        ]
      },
      "properties": {
        "x_epsg3857": 5185457.41,
        "y_epsg3857": 2875063.94,
        "ndvi": 0.069,
        "lst": 40,
        "population": 21
      }
    },
    {
      "type": "Feature",
      "geometry": {
        "type": "Point",
        "coordinates": [
          46.599932,
          24.994458
        ]
      },
      "properties": {
        "x_epsg3857": 5187480.72,
        "y_epsg3857": 2875063.94,
        "ndvi": 0.2158,
        "lst": 39.2,
        "population": 23
      }
    },
    {
      "type": "Feature",
      "geometry": {
        "type": "Point",
        "coordinates": [
          46.618108,
          24.994458
        ]
      },
      "properties": {
        "x_epsg3857": 5189504.02,
        "y_epsg3857": 2875063.94,
        "ndvi": 0.0723,
        "lst": 40.1,
        "population": 23
      }
    },
    {
      "type": "Feature",
      "geometry": {
        "type": "Point",
        "coordinates": [
          46.636283,
          24.994458
        ]
      },
      "properties": {
        "x_epsg3857": 5191527.32,
        "y_epsg3857": 2875063.94,
        "ndvi": 0.1881,
        "lst": 39.4,
        "population": 25
      }
    },
    {
      "type": "Feature",
      "geometry": {
        "type": "Point",
        "coordinates": [
          46.654459,
          24.994458
        ]
      },
      "properties": {
        "x_epsg3857": 5193550.63,
        "y_epsg3857": 2875063.94,
        "ndvi": 0.1197,
        "lst": 39.9,
        "population": 23
      }
    },
    {
      "type": "Feature",
      "geometry": {
        "type": "Point",
        "coordinates": [
          46.672635,
          24.994458
        ]
      },
      "properties": {
        "x_epsg3857": 5195573.93,
        "y_epsg3857": 2875063.94,
        "ndvi": 0.1291,
        "lst": 39.8,
        "population": 22
      }
    },
    {
      "type": "Feature",
      "geometry": {
        "type": "Point",
        "coordinates": [
          46.69081,
          24.994458
        ]
      },
      "properties": {
        "x_epsg3857": 5197597.24,
        "y_epsg3857": 2875063.94,
        "ndvi": 0.1803,
        "lst": 39.5,
        "population": 25
      }
    },
    {
      "type": "Feature",
      "geometry": {
        "type": "Point",
        "coordinates": [
          46.708986,
          24.994458
        ]
      },
      "properties": {
        "x_epsg3857": 5199620.54,
        "y_epsg3857": 2875063.94,
        "ndvi": 0.0772,
        "lst": 40.2,
        "population": 26
      }
    },
    {
      "type": "Feature",
      "geometry": {
        "type": "Point",
        "coordinates": [
          46.727162,
          24.994458
        ]
      },
      "properties": {
        "x_epsg3857": 5201643.84,
        "y_epsg3857": 2875063.94,
        "ndvi": 0.2146,
        "lst": 39.3,
        "population": 27
      }
    },
    {
      "type": "Feature",
      "geometry": {
        "type": "Point",
        "coordinates": [
          46.745337,
          24.994458
        ]
      },
      "properties": {
        "x_epsg3857": 5203667.15,
        "y_epsg3857": 2875063.94,
        "ndvi": 0.0662,
        "lst": 40.2,
        "population": 27
      }
    },
    {
      "type": "Feature",
      "geometry": {
        "type": "Point",
        "coordinates": [
          46.763513,
          24.994458
        ]
      },
      "properties": {
        "x_epsg3857": 5205690.45,
        "y_epsg3857": 2875063.94,
        "ndvi": 0.2004,
        "lst": 39.4,
        "population": 23
      }
    },
    {
      "type": "Feature",
      "geometry": {
        "type": "Point",
        "coordinates": [
          46.781689,
          24.994458
        ]
      },
      "properties": {
        "x_epsg3857": 5207713.76,
        "y_epsg3857": 2875063.94,
        "ndvi": 0.1032,
        "lst": 39.9,
        "population": 24
      }
    },
    {
      "type": "Feature",
      "geometry": {
        "type": "Point",
        "coordinates": [
          46.799864,
          24.994458
        ]
      },
      "properties": {
        "x_epsg3857": 5209737.06,
        "y_epsg3857": 2875063.94,
        "ndvi": 0.1469,
        "lst": 39.6,
        "population": 21
      }
    },
    {
      "type": "Feature",
      "geometry": {
        "type": "Point",
        "coordinates": [
          46.81804,
          24.994458
        ]
      },
      "properties": {
        "x_epsg3857": 5211760.36,
        "y_epsg3857": 2875063.94,
        "ndvi": 0.1642,
        "lst": 39.4,
        "population": 20
      }
    },
    {
      "type": "Feature",
      "geometry": {
        "type": "Point",
        "coordinates": [
          46.836216,
          24.994458
        ]
      },
      "properties": {
        "x_epsg3857": 5213783.67,
        "y_epsg3857": 2875063.94,
        "ndvi": 0.0889,
        "lst": 39.8,
        "population": 23
      }
    },
    {
      "type": "Feature",
      "geometry": {
        "type": "Point",
        "coordinates": [
          46.854391,
          24.994458
        ]
      },
      "properties": {
        "x_epsg3857": 5215806.97,
        "y_epsg3857": 2875063.94,
        "ndvi": 0.2094,
        "lst": 39,
        "population": 19
      }
    },
    {
      "type": "Feature",
      "geometry": {
        "type": "Point",
        "coordinates": [
          46.872567,
          24.994458
        ]
      },
      "properties": {
        "x_epsg3857": 5217830.28,
        "y_epsg3857": 2875063.94,
        "ndvi": 0.0641,
        "lst": 39.8,
        "population": 17
      }
    },
    {
      "type": "Feature",
      "geometry": {
        "type": "Point",
        "coordinates": [
          46.890743,
          24.994458
        ]
      },
      "properties": {
        "x_epsg3857": 5219853.58,
        "y_epsg3857": 2875063.94,
        "ndvi": 0.2095,
        "lst": 38.9,
        "population": 16
      }
    },
    {
      "type": "Feature",
      "geometry": {
        "type": "Point",
        "coordinates": [
          46.908918,
          24.994458
        ]
      },
      "properties": {
        "x_epsg3857": 5221876.88,
        "y_epsg3857": 2875063.94,
        "ndvi": 0.0888,
        "lst": 39.5,
        "population": 13
      }
    },
    {
      "type": "Feature",
      "geometry": {
        "type": "Point",
        "coordinates": [
          46.927094,
          24.994458
        ]
      },
      "properties": {
        "x_epsg3857": 5223900.19,
        "y_epsg3857": 2875063.94,
        "ndvi": 0.1643,
        "lst": 39,
        "population": 13
      }
    },
    {
      "type": "Feature",
      "geometry": {
        "type": "Point",
        "coordinates": [
          46.945269,
          24.994458
        ]
      },
      "properties": {
        "x_epsg3857": 5225923.49,
        "y_epsg3857": 2875063.94,
        "ndvi": 0.1468,
        "lst": 39,
        "population": 13
      }
    },
    {
      "type": "Feature",
      "geometry": {
        "type": "Point",
        "coordinates": [
          46.963445,
          24.994458
        ]
      },
      "properties": {
        "x_epsg3857": 5227946.79,
        "y_epsg3857": 2875063.94,
        "ndvi": 0.1033,
        "lst": 39.1,
        "population": 12
      }
    },
    {
      "type": "Feature",
      "geometry": {
        "type": "Point",
        "coordinates": [
          46.981621,
          24.994458
        ]
      },
      "properties": {
        "x_epsg3857": 5229970.1,
        "y_epsg3857": 2875063.94,
        "ndvi": 0.2004,
        "lst": 38.5,
        "population": 10
      }
    },
    {
      "type": "Feature",
      "geometry": {
        "type": "Point",
        "coordinates": [
          46.999796,
          24.994458
        ]
      },
      "properties": {
        "x_epsg3857": 5231993.4,
        "y_epsg3857": 2875063.94,
        "ndvi": 0.0662,
        "lst": 39.3,
        "population": 9
      }
    }
  ]
}